product_id,product_category_name,week_num,unit_price,comp_1_price,comp_2_price,comp_3_price,freight_price,product_score,ps1,ps2,ps3,weekly_sales_volume
PROD_ELEC_001,Electronics,1,204.96,207.93,209.55,217.54,10.54,4.6,4.3,4.8,4.8,95
PROD_ELEC_001,Electronics,2,197.65,197.01,190.48,184.94,9.74,4.6,4.6,4.5,4.6,86
PROD_ELEC_001,Electronics,3,189.86,196.04,179.34,168.08,7.05,4.6,4.4,4.6,4.8,106
PROD_ELEC_001,Electronics,4,197.73,202.65,190.66,184.68,5.67,4.6,4.3,4.7,4.7,101
PROD_ELEC_001,Electronics,5,199.86,195.4,206.08,179.22,11.68,4.6,4.6,4.3,5.0,89
PROD_ELEC_001,Electronics,6,180.39,185.58,186.54,164.06,7.02,4.6,4.4,4.8,4.6,95
PROD_ELEC_001,Electronics,7,203.43,193.15,204.69,192.63,5.2,4.6,4.3,4.8,4.8,85
PROD_ELEC_001,Electronics,8,206.11,217.61,211.83,197.36,5.23,4.6,4.4,4.8,4.8,84
PROD_ELEC_001,Electronics,9,195.2,197.65,182.45,175.33,10.86,4.6,4.7,4.5,4.5,98
PROD_ELEC_001,Electronics,10,213.55,226.13,219.91,226.3,9.03,4.6,4.5,4.6,4.7,94
PROD_ELEC_001,Electronics,11,200.86,202.47,199.77,170.88,10.55,4.6,4.5,4.7,4.5,79
PROD_ELEC_001,Electronics,12,203.56,205.9,197.18,203.58,9.97,4.6,4.7,4.8,4.5,102
PROD_ELEC_001,Electronics,13,200.96,212.77,191.9,190.98,8.52,4.6,4.7,4.8,4.4,90
PROD_ELEC_001,Electronics,14,185.36,169.38,186.71,175.4,11.8,4.6,4.5,4.9,4.6,100
PROD_ELEC_001,Electronics,15,218.85,224.76,219.48,211.31,7.34,4.6,4.4,4.2,4.8,65
PROD_ELEC_001,Electronics,16,199.72,198.45,197.76,199.45,8.64,4.6,4.4,4.3,4.7,96
PROD_ELEC_001,Electronics,17,211.42,222.01,217.67,193.54,10.72,4.6,4.6,4.6,4.5,92
PROD_ELEC_001,Electronics,18,185.97,186.02,192.69,199.43,9.14,4.6,4.3,4.6,4.5,121
PROD_ELEC_001,Electronics,19,189.37,196.74,178.77,201.3,10.96,4.6,4.8,4.8,4.6,96
PROD_ELEC_001,Electronics,20,196.77,208.92,199.98,206.97,8.83,4.6,4.4,4.3,4.9,125
PROD_ELEC_001,Electronics,21,202.59,212.98,188.03,180.46,9.78,4.6,4.7,4.7,4.8,89
PROD_ELEC_001,Electronics,22,202.96,208.86,209.53,199.0,4.84,4.6,4.6,4.7,4.5,85
PROD_ELEC_001,Electronics,23,190.24,200.03,199.36,175.17,6.21,4.6,4.6,4.6,4.5,107
PROD_ELEC_001,Electronics,24,204.12,197.02,194.2,208.76,6.67,4.6,4.6,4.8,4.7,88
PROD_ELEC_001,Electronics,25,197.34,222.76,201.54,181.27,5.1,4.6,4.8,4.9,4.9,83
PROD_ELEC_001,Electronics,26,204.81,207.89,210.34,193.11,6.25,4.6,4.5,4.8,4.6,95
PROD_ELEC_001,Electronics,27,202.13,196.1,201.86,200.74,5.26,4.6,4.6,4.9,4.5,87
PROD_ELEC_001,Electronics,28,201.53,214.08,200.03,206.03,6.58,4.6,4.7,4.5,4.6,106
PROD_ELEC_001,Electronics,29,205.14,213.46,208.37,246.41,9.27,4.6,4.7,4.8,4.9,101
PROD_ELEC_001,Electronics,30,211.35,205.83,193.38,207.1,7.24,4.6,4.3,4.5,4.7,74
PROD_ELEC_001,Electronics,31,206.85,197.64,199.9,214.16,7.28,4.6,4.7,4.4,4.8,89
PROD_ELEC_001,Electronics,32,189.21,211.08,204.76,199.01,6.07,4.6,4.8,4.6,4.6,124
PROD_ELEC_001,Electronics,33,193.37,203.83,183.77,186.24,6.5,4.6,4.5,4.3,4.5,104
PROD_ELEC_001,Electronics,34,208.65,215.48,189.74,214.23,11.52,4.6,4.4,4.9,4.8,92
PROD_ELEC_001,Electronics,35,221.21,234.77,202.19,208.15,9.36,4.6,4.3,4.3,4.4,84
PROD_ELEC_001,Electronics,36,192.91,194.94,209.04,186.9,9.07,4.6,4.5,4.3,4.7,95
PROD_ELEC_001,Electronics,37,216.31,208.26,209.39,211.52,5.78,4.6,4.6,4.8,4.8,94
PROD_ELEC_001,Electronics,38,185.63,187.84,184.34,187.27,9.97,4.6,4.6,4.5,4.8,114
PROD_ELEC_001,Electronics,39,221.32,208.46,217.43,222.49,5.73,4.6,4.3,4.4,4.9,79
PROD_ELEC_001,Electronics,40,193.76,192.81,188.38,199.01,7.35,4.6,4.7,4.7,4.9,114
PROD_ELEC_001,Electronics,41,191.7,191.24,196.95,192.97,11.92,4.6,4.5,4.7,4.6,107
PROD_ELEC_001,Electronics,42,201.16,217.68,194.73,190.2,9.3,4.6,4.8,4.6,4.9,94
PROD_ELEC_001,Electronics,43,206.81,208.38,208.09,198.99,8.68,4.6,4.6,4.5,4.6,90
PROD_ELEC_001,Electronics,44,205.94,219.98,191.56,209.28,9.63,4.6,4.7,4.3,4.7,92
PROD_ELEC_001,Electronics,45,200.75,199.33,208.53,192.96,10.82,4.6,4.4,4.7,4.8,88
PROD_ELEC_001,Electronics,46,196.78,197.3,196.82,197.48,10.32,4.6,4.3,4.3,5.0,110
PROD_ELEC_001,Electronics,47,185.51,178.78,176.99,177.57,6.22,4.6,4.5,4.8,4.5,111
PROD_ELEC_001,Electronics,48,214.74,216.44,212.54,199.51,4.74,4.6,4.4,4.3,4.8,79
PROD_ELEC_001,Electronics,49,205.18,221.86,202.01,203.97,6.87,4.6,4.4,4.9,4.4,99
PROD_ELEC_001,Electronics,50,195.98,200.45,203.66,195.67,6.51,4.6,4.6,4.6,4.8,104
PROD_ELEC_001,Electronics,51,221.52,219.15,228.97,217.31,6.08,4.6,4.4,4.3,4.7,98
PROD_ELEC_001,Electronics,52,191.91,203.67,172.62,164.13,11.57,4.6,4.7,4.7,4.5,92
PROD_ELEC_002,Electronics,1,326.89,357.38,342.9,307.88,11.07,4.7,4.9,4.9,5.0,89
PROD_ELEC_002,Electronics,2,373.68,344.5,353.1,360.03,6.86,4.7,4.8,4.9,5.1,82
PROD_ELEC_002,Electronics,3,350.08,357.74,338.7,352.66,9.42,4.7,4.9,4.7,4.6,87
PROD_ELEC_002,Electronics,4,347.5,369.19,370.81,319.81,7.47,4.7,4.7,4.7,5.0,89
PROD_ELEC_002,Electronics,5,370.63,379.04,405.11,398.55,11.36,4.7,4.5,4.3,5.0,92
PROD_ELEC_002,Electronics,6,366.99,396.19,379.43,346.43,7.94,4.7,4.4,4.5,4.9,84
PROD_ELEC_002,Electronics,7,329.28,309.01,321.55,333.58,6.49,4.7,4.6,4.7,5.0,113
PROD_ELEC_002,Electronics,8,351.29,358.11,361.77,334.82,6.35,4.7,4.9,4.6,4.7,80
PROD_ELEC_002,Electronics,9,327.16,342.47,329.89,298.9,8.71,4.7,4.8,4.6,4.9,94
PROD_ELEC_002,Electronics,10,331.45,332.16,320.25,305.29,6.47,4.7,4.4,4.4,4.8,93
PROD_ELEC_002,Electronics,11,340.3,330.8,370.33,330.81,8.88,4.7,4.8,4.9,4.5,95
PROD_ELEC_002,Electronics,12,353.73,372.85,339.22,327.49,11.23,4.7,4.5,4.6,4.8,94
PROD_ELEC_002,Electronics,13,323.47,347.63,346.84,308.93,7.5,4.7,4.7,4.7,4.6,110
PROD_ELEC_002,Electronics,14,355.44,384.21,308.22,327.49,6.14,4.7,4.6,4.3,4.7,75
PROD_ELEC_002,Electronics,15,338.68,330.8,363.86,346.44,11.98,4.7,4.4,4.7,4.9,101
PROD_ELEC_002,Electronics,16,375.89,376.78,401.86,355.86,8.32,4.7,4.6,4.8,4.8,79
PROD_ELEC_002,Electronics,17,325.52,339.36,311.67,306.24,5.18,4.7,4.5,4.9,4.5,98
PROD_ELEC_002,Electronics,18,334.87,308.04,342.98,332.66,4.85,4.7,4.8,4.9,4.7,95
PROD_ELEC_002,Electronics,19,358.76,351.91,356.95,364.17,5.32,4.7,4.8,4.4,4.7,80
PROD_ELEC_002,Electronics,20,359.5,370.71,306.64,338.82,9.21,4.7,4.7,4.5,4.8,77
PROD_ELEC_002,Electronics,21,348.83,338.91,333.97,339.36,10.44,4.7,4.4,5.0,4.7,88
PROD_ELEC_002,Electronics,22,343.26,341.86,352.88,355.75,7.67,4.7,4.7,4.6,4.7,108
PROD_ELEC_002,Electronics,23,360.09,364.37,363.17,336.24,4.98,4.7,4.7,4.9,4.6,89
PROD_ELEC_002,Electronics,24,347.27,345.96,354.01,330.22,7.36,4.7,4.8,4.8,4.8,92
PROD_ELEC_002,Electronics,25,365.23,367.77,383.51,345.33,11.97,4.7,4.6,4.5,4.9,71
PROD_ELEC_002,Electronics,26,332.35,317.99,329.29,317.61,8.47,4.7,4.7,4.9,4.9,108
PROD_ELEC_002,Electronics,27,324.12,345.43,326.36,306.32,11.78,4.7,4.8,4.9,4.6,109
PROD_ELEC_002,Electronics,28,389.73,380.51,369.91,413.34,10.96,4.7,4.8,4.5,5.0,83
PROD_ELEC_002,Electronics,29,345.27,338.66,334.15,342.73,4.59,4.7,4.8,4.7,4.9,104
PROD_ELEC_002,Electronics,30,333.85,318.73,335.2,302.63,9.91,4.7,4.9,4.7,4.7,91
PROD_ELEC_002,Electronics,31,361.44,367.87,362.89,326.19,9.61,4.7,4.4,4.9,5.1,103
PROD_ELEC_002,Electronics,32,352.25,384.41,359.12,346.27,8.53,4.7,4.5,4.7,4.9,100
PROD_ELEC_002,Electronics,33,377.87,377.7,355.39,363.68,6.5,4.7,4.7,4.6,4.5,83
PROD_ELEC_002,Electronics,34,369.14,392.34,354.69,376.94,9.31,4.7,4.9,4.5,4.7,69
PROD_ELEC_002,Electronics,35,344.11,373.97,336.2,302.75,5.34,4.7,4.6,4.6,5.0,85
PROD_ELEC_002,Electronics,36,345.22,367.04,309.92,313.79,7.76,4.7,4.9,4.4,4.7,93
PROD_ELEC_002,Electronics,37,395.02,403.86,391.34,382.6,7.9,4.7,4.5,4.4,4.5,82
PROD_ELEC_002,Electronics,38,347.46,390.13,324.75,365.98,11.65,4.7,4.6,4.6,4.8,71
PROD_ELEC_002,Electronics,39,343.99,345.76,316.34,317.62,11.07,4.7,4.4,4.4,4.9,83
PROD_ELEC_002,Electronics,40,380.65,386.9,377.41,353.14,6.48,4.7,4.7,4.3,4.6,75
PROD_ELEC_002,Electronics,41,340.81,354.3,316.58,345.17,8.25,4.7,4.8,4.9,5.0,93
PROD_ELEC_002,Electronics,42,343.43,372.92,322.7,319.58,5.84,4.7,4.8,4.3,4.6,86
PROD_ELEC_002,Electronics,43,355.7,345.01,368.58,341.08,11.34,4.7,4.5,4.6,4.9,88
PROD_ELEC_002,Electronics,44,368.35,386.86,338.64,384.85,11.03,4.7,4.6,4.5,5.1,66
PROD_ELEC_002,Electronics,45,340.45,352.69,336.4,352.77,6.74,4.7,4.6,4.3,4.7,103
PROD_ELEC_002,Electronics,46,352.62,390.07,360.95,328.86,9.29,4.7,4.8,5.0,4.8,87
PROD_ELEC_002,Electronics,47,340.54,336.75,340.47,310.33,9.07,4.7,4.7,4.9,4.6,96
PROD_ELEC_002,Electronics,48,320.2,347.36,342.14,291.31,5.65,4.7,4.9,4.6,4.7,105
PROD_ELEC_002,Electronics,49,339.06,346.2,344.45,314.12,10.22,4.7,4.5,4.6,4.7,97
PROD_ELEC_002,Electronics,50,336.77,361.57,318.52,338.26,8.55,4.7,4.6,4.8,5.1,84
PROD_ELEC_002,Electronics,51,334.97,351.05,321.98,327.37,10.34,4.7,4.6,4.8,4.6,122
PROD_ELEC_002,Electronics,52,348.31,357.78,339.0,379.14,8.48,4.7,4.6,4.5,5.0,97
PROD_ELEC_003,Electronics,1,154.73,163.84,157.99,135.51,4.5,4.4,4.6,4.1,4.8,74
PROD_ELEC_003,Electronics,2,148.13,143.28,144.97,153.15,6.93,4.4,4.5,4.6,4.6,99
PROD_ELEC_003,Electronics,3,156.24,162.23,154.13,135.98,4.65,4.4,4.2,4.4,4.7,81
PROD_ELEC_003,Electronics,4,151.55,157.29,148.42,157.27,11.47,4.4,4.5,4.2,4.7,94
PROD_ELEC_003,Electronics,5,150.71,150.94,145.93,143.39,11.09,4.4,4.3,4.5,4.2,95
PROD_ELEC_003,Electronics,6,146.4,151.74,130.81,136.29,10.74,4.4,4.4,4.6,4.6,100
PROD_ELEC_003,Electronics,7,150.61,160.04,145.21,158.83,6.81,4.4,4.5,4.7,4.7,113
PROD_ELEC_003,Electronics,8,147.27,140.31,132.85,135.14,4.93,4.4,4.2,4.2,4.4,98
PROD_ELEC_003,Electronics,9,142.46,140.93,140.79,140.19,11.09,4.4,4.2,4.7,4.7,121
PROD_ELEC_003,Electronics,10,142.5,144.41,135.19,157.97,11.6,4.4,4.2,4.7,4.3,99
PROD_ELEC_003,Electronics,11,151.24,157.24,151.91,168.98,5.14,4.4,4.2,4.1,4.7,93
PROD_ELEC_003,Electronics,12,146.01,146.03,143.32,138.36,8.14,4.4,4.5,4.5,4.3,89
PROD_ELEC_003,Electronics,13,145.85,152.46,145.87,128.21,5.02,4.4,4.1,4.6,4.4,103
PROD_ELEC_003,Electronics,14,163.46,170.28,170.68,150.21,10.2,4.4,4.3,4.3,4.4,76
PROD_ELEC_003,Electronics,15,149.74,163.48,144.37,147.26,10.24,4.4,4.3,4.4,4.7,95
PROD_ELEC_003,Electronics,16,158.9,170.49,148.32,138.5,5.46,4.4,4.5,4.6,4.6,78
PROD_ELEC_003,Electronics,17,156.14,162.43,162.91,162.41,8.06,4.4,4.2,4.6,4.7,107
PROD_ELEC_003,Electronics,18,154.85,155.65,146.85,143.8,8.62,4.4,4.5,4.6,4.5,89
PROD_ELEC_003,Electronics,19,151.42,154.73,139.61,153.66,6.49,4.4,4.5,4.1,4.7,94
PROD_ELEC_003,Electronics,20,166.21,173.11,164.95,173.28,11.04,4.4,4.6,4.1,4.8,68
PROD_ELEC_003,Electronics,21,146.64,150.71,153.05,133.21,7.67,4.4,4.3,4.4,4.2,94
PROD_ELEC_003,Electronics,22,144.74,149.76,139.49,139.26,6.09,4.4,4.5,4.5,4.5,86
PROD_ELEC_003,Electronics,23,139.13,129.68,140.8,130.77,8.54,4.4,4.1,4.5,4.6,99
PROD_ELEC_003,Electronics,24,155.3,157.02,144.84,149.57,9.97,4.4,4.4,4.3,4.4,90
PROD_ELEC_003,Electronics,25,149.65,154.1,146.35,148.32,6.01,4.4,4.5,4.3,4.8,87
PROD_ELEC_003,Electronics,26,160.82,165.77,157.36,162.82,6.84,4.4,4.5,4.5,4.6,89
PROD_ELEC_003,Electronics,27,151.46,158.78,149.27,160.0,11.96,4.4,4.2,4.3,4.2,90
PROD_ELEC_003,Electronics,28,163.5,156.36,166.48,152.37,9.37,4.4,4.3,4.0,4.2,84
PROD_ELEC_003,Electronics,29,146.6,135.32,133.52,148.89,7.79,4.4,4.5,4.0,4.5,100
PROD_ELEC_003,Electronics,30,153.18,154.63,148.56,170.66,8.38,4.4,4.5,4.4,4.2,92
PROD_ELEC_003,Electronics,31,151.55,142.2,148.16,140.8,5.41,4.4,4.4,4.5,4.7,81
PROD_ELEC_003,Electronics,32,147.88,147.92,143.11,145.89,6.19,4.4,4.5,4.0,4.8,92
PROD_ELEC_003,Electronics,33,150.44,149.56,154.19,149.48,7.04,4.4,4.3,4.6,4.2,105
PROD_ELEC_003,Electronics,34,154.75,158.55,160.55,148.27,8.91,4.4,4.4,4.4,4.6,99
PROD_ELEC_003,Electronics,35,145.1,145.19,141.32,144.44,6.23,4.4,4.4,4.3,4.5,108
PROD_ELEC_003,Electronics,36,145.69,143.17,149.72,131.46,6.15,4.4,4.4,4.1,4.2,98
PROD_ELEC_003,Electronics,37,148.06,141.14,149.53,149.37,5.03,4.4,4.3,4.3,4.8,93
PROD_ELEC_003,Electronics,38,161.79,154.92,176.37,155.91,9.23,4.4,4.5,4.6,4.5,95
PROD_ELEC_003,Electronics,39,154.88,148.21,164.77,163.06,6.22,4.4,4.5,4.6,4.3,83
PROD_ELEC_003,Electronics,40,152.96,158.0,149.2,133.22,11.29,4.4,4.5,4.3,4.5,80
PROD_ELEC_003,Electronics,41,158.61,150.74,154.15,143.2,10.95,4.4,4.5,4.1,4.8,68
PROD_ELEC_003,Electronics,42,158.7,152.0,154.95,133.99,5.03,4.4,4.5,4.3,4.3,74
PROD_ELEC_003,Electronics,43,161.24,169.95,156.82,153.02,6.29,4.4,4.5,4.6,4.6,78
PROD_ELEC_003,Electronics,44,165.56,166.86,167.05,157.35,9.52,4.4,4.1,4.4,4.8,72
PROD_ELEC_003,Electronics,45,155.48,158.09,154.54,132.17,6.11,4.4,4.3,4.4,4.5,83
PROD_ELEC_003,Electronics,46,152.59,150.32,154.14,139.42,5.49,4.4,4.4,4.7,4.3,91
PROD_ELEC_003,Electronics,47,145.31,159.34,142.47,142.85,11.52,4.4,4.6,4.5,4.5,111
PROD_ELEC_003,Electronics,48,153.71,162.7,154.54,144.96,8.78,4.4,4.6,4.5,4.6,89
PROD_ELEC_003,Electronics,49,154.78,150.8,165.87,139.49,8.05,4.4,4.6,4.0,4.8,85
PROD_ELEC_003,Electronics,50,144.33,153.02,141.07,142.95,10.38,4.4,4.5,4.6,4.4,116
PROD_ELEC_003,Electronics,51,158.91,154.29,162.07,160.83,10.56,4.4,4.5,4.1,4.5,83
PROD_ELEC_003,Electronics,52,160.31,155.32,145.53,146.99,5.93,4.4,4.3,4.2,4.4,89
PROD_ELEC_004,Electronics,1,43.27,45.88,41.35,47.82,5.23,4.8,4.8,4.7,4.6,94
PROD_ELEC_004,Electronics,2,39.34,38.31,35.93,41.57,7.73,4.8,4.8,4.8,5.1,76
PROD_ELEC_004,Electronics,3,41.18,43.41,42.33,40.64,7.68,4.8,4.5,5.1,4.8,95
PROD_ELEC_004,Electronics,4,39.86,40.6,37.57,36.58,8.0,4.8,4.7,5.0,4.9,82
PROD_ELEC_004,Electronics,5,41.83,40.04,39.34,42.94,9.97,4.8,4.6,4.9,4.7,80
PROD_ELEC_004,Electronics,6,39.54,43.25,39.58,38.73,9.55,4.8,4.6,5.1,4.9,91
PROD_ELEC_004,Electronics,7,40.44,43.46,40.29,38.18,11.88,4.8,4.9,5.0,4.7,93
PROD_ELEC_004,Electronics,8,41.08,42.72,38.01,42.68,5.24,4.8,5.0,4.6,4.7,85
PROD_ELEC_004,Electronics,9,38.55,40.7,37.6,40.28,7.52,4.8,4.8,4.7,5.0,96
PROD_ELEC_004,Electronics,10,40.55,42.21,38.65,38.47,7.04,4.8,4.5,4.4,5.0,95
PROD_ELEC_004,Electronics,11,41.92,46.47,40.33,37.22,10.96,4.8,5.0,4.5,5.0,81
PROD_ELEC_004,Electronics,12,45.15,43.46,40.38,46.44,6.36,4.8,5.0,4.5,4.7,84
PROD_ELEC_004,Electronics,13,41.13,44.63,39.94,39.39,5.93,4.8,4.6,4.6,4.6,87
PROD_ELEC_004,Electronics,14,37.96,37.57,37.64,35.4,7.86,4.8,4.8,5.0,5.0,103
PROD_ELEC_004,Electronics,15,36.0,37.26,37.85,32.31,7.66,4.8,4.7,4.4,4.9,113
PROD_ELEC_004,Electronics,16,40.83,40.03,41.71,37.36,6.59,4.8,4.7,4.9,4.8,88
PROD_ELEC_004,Electronics,17,42.17,44.04,39.45,40.1,6.37,4.8,4.8,4.8,4.7,96
PROD_ELEC_004,Electronics,18,40.27,40.23,40.6,40.28,11.42,4.8,4.9,4.4,4.8,103
PROD_ELEC_004,Electronics,19,38.42,37.14,34.51,38.44,7.82,4.8,4.8,4.8,5.2,83
PROD_ELEC_004,Electronics,20,35.69,36.76,35.33,33.8,10.96,4.8,5.0,4.5,5.1,111
PROD_ELEC_004,Electronics,21,41.83,42.18,41.97,41.38,8.63,4.8,4.5,4.7,4.7,88
PROD_ELEC_004,Electronics,22,41.97,41.07,44.31,40.84,4.88,4.8,4.9,4.5,5.1,92
PROD_ELEC_004,Electronics,23,39.94,42.05,42.32,40.08,11.99,4.8,4.7,4.5,4.8,100
PROD_ELEC_004,Electronics,24,37.37,38.88,37.1,32.21,10.77,4.8,4.8,4.7,4.7,85
PROD_ELEC_004,Electronics,25,37.57,39.22,40.07,39.19,11.77,4.8,4.5,5.1,4.6,111
PROD_ELEC_004,Electronics,26,42.97,42.86,41.66,40.73,11.45,4.8,4.6,4.9,4.6,80
PROD_ELEC_004,Electronics,27,40.31,41.12,40.79,41.98,10.87,4.8,4.8,4.7,4.7,108
PROD_ELEC_004,Electronics,28,37.02,37.57,38.48,34.78,5.75,4.8,4.7,5.0,5.0,92
PROD_ELEC_004,Electronics,29,38.84,35.59,37.39,38.59,8.14,4.8,4.5,4.6,5.2,81
PROD_ELEC_004,Electronics,30,40.36,39.56,39.89,34.4,6.1,4.8,4.9,4.5,4.9,98
PROD_ELEC_004,Electronics,31,39.1,38.5,38.37,41.94,7.51,4.8,4.7,4.9,5.1,89
PROD_ELEC_004,Electronics,32,36.76,39.17,34.33,32.13,4.94,4.8,4.9,4.4,5.1,90
PROD_ELEC_004,Electronics,33,44.3,44.11,45.5,43.77,7.34,4.8,4.5,4.8,4.7,97
PROD_ELEC_004,Electronics,34,43.11,44.13,46.39,41.22,11.89,4.8,4.5,4.9,4.6,87
PROD_ELEC_004,Electronics,35,37.3,36.6,39.17,34.71,6.49,4.8,4.6,4.5,5.0,91
PROD_ELEC_004,Electronics,36,41.06,40.6,42.46,41.32,10.38,4.8,4.7,4.5,4.7,106
PROD_ELEC_004,Electronics,37,42.65,44.45,43.2,46.91,7.91,4.8,5.0,4.8,4.9,88
PROD_ELEC_004,Electronics,38,41.85,43.94,42.67,38.45,7.67,4.8,4.7,5.0,4.7,88
PROD_ELEC_004,Electronics,39,37.9,35.68,41.42,34.25,11.68,4.8,4.9,4.9,4.8,92
PROD_ELEC_004,Electronics,40,39.44,40.71,39.57,40.24,11.97,4.8,4.7,5.0,5.0,95
PROD_ELEC_004,Electronics,41,41.32,44.09,41.28,36.87,8.67,4.8,4.9,4.5,4.9,87
PROD_ELEC_004,Electronics,42,38.69,40.23,39.7,42.87,9.89,4.8,4.8,4.6,4.9,115
PROD_ELEC_004,Electronics,43,41.5,42.96,43.76,41.93,5.66,4.8,4.5,4.6,5.0,95
PROD_ELEC_004,Electronics,44,37.54,40.22,36.37,37.0,6.73,4.8,4.9,4.8,4.7,92
PROD_ELEC_004,Electronics,45,42.38,42.19,41.67,41.15,11.77,4.8,5.0,4.7,4.8,83
PROD_ELEC_004,Electronics,46,41.29,41.37,39.18,38.03,8.84,4.8,4.9,5.0,5.0,70
PROD_ELEC_004,Electronics,47,37.15,35.28,33.94,38.85,8.57,4.8,4.8,4.4,4.9,93
PROD_ELEC_004,Electronics,48,45.11,49.37,48.91,48.17,10.11,4.8,4.9,4.6,5.1,101
PROD_ELEC_004,Electronics,49,38.35,39.11,37.64,36.16,4.93,4.8,4.9,4.8,4.9,103
PROD_ELEC_004,Electronics,50,41.9,42.01,39.62,38.52,8.88,4.8,4.6,4.8,5.0,84
PROD_ELEC_004,Electronics,51,37.94,41.51,39.88,38.13,8.27,4.8,4.9,4.7,4.9,105
PROD_ELEC_004,Electronics,52,38.07,36.92,38.35,33.71,10.9,4.8,4.5,4.4,5.1,82
PROD_ELEC_005,Electronics,1,50.34,47.79,50.65,48.38,5.68,4.5,4.6,4.7,4.4,89
PROD_ELEC_005,Electronics,2,46.0,46.57,48.74,41.55,11.71,4.5,4.2,4.6,4.6,101
PROD_ELEC_005,Electronics,3,54.14,54.23,51.97,54.04,5.1,4.5,4.6,4.6,4.9,75
PROD_ELEC_005,Electronics,4,50.74,49.77,47.97,50.3,5.89,4.5,4.3,4.3,4.8,89
PROD_ELEC_005,Electronics,5,53.72,54.21,53.13,49.7,8.96,4.5,4.4,4.7,4.3,61
PROD_ELEC_005,Electronics,6,52.2,53.76,51.91,52.83,9.56,4.5,4.2,4.4,4.5,93
PROD_ELEC_005,Electronics,7,51.98,50.41,52.22,46.19,6.26,4.5,4.5,4.3,4.4,85
PROD_ELEC_005,Electronics,8,49.9,50.05,48.05,50.3,5.4,4.5,4.5,4.5,4.4,92
PROD_ELEC_005,Electronics,9,51.06,53.5,51.0,48.4,11.18,4.5,4.4,4.4,4.4,83
PROD_ELEC_005,Electronics,10,50.21,50.31,54.75,54.04,6.35,4.5,4.5,4.1,4.6,91
PROD_ELEC_005,Electronics,11,49.53,53.24,47.43,45.67,8.96,4.5,4.6,4.5,4.4,88
PROD_ELEC_005,Electronics,12,47.61,47.88,48.35,47.09,9.15,4.5,4.6,4.1,4.3,106
PROD_ELEC_005,Electronics,13,52.2,53.08,51.21,60.63,7.64,4.5,4.6,4.4,4.8,93
PROD_ELEC_005,Electronics,14,48.11,45.55,48.11,47.71,8.88,4.5,4.5,4.7,4.5,110
PROD_ELEC_005,Electronics,15,50.16,52.87,50.87,46.11,8.42,4.5,4.6,4.7,4.5,84
PROD_ELEC_005,Electronics,16,52.56,52.46,50.68,51.92,11.51,4.5,4.3,4.4,4.7,94
PROD_ELEC_005,Electronics,17,50.05,53.88,49.35,49.91,6.03,4.5,4.6,4.4,4.4,89
PROD_ELEC_005,Electronics,18,51.06,52.15,49.87,55.02,9.87,4.5,4.6,4.2,4.7,95
PROD_ELEC_005,Electronics,19,50.84,51.26,50.76,53.33,6.29,4.5,4.4,4.7,4.6,89
PROD_ELEC_005,Electronics,20,52.84,53.7,46.39,49.67,7.47,4.5,4.3,4.6,4.8,86
PROD_ELEC_005,Electronics,21,49.39,49.65,47.93,45.17,9.54,4.5,4.5,4.5,4.5,104
PROD_ELEC_005,Electronics,22,49.18,49.96,51.7,47.82,6.75,4.5,4.3,4.6,4.5,100
PROD_ELEC_005,Electronics,23,48.83,50.2,49.03,46.61,6.87,4.5,4.3,4.6,4.7,102
PROD_ELEC_005,Electronics,24,48.8,46.0,48.62,50.35,10.14,4.5,4.7,4.7,4.8,86
PROD_ELEC_005,Electronics,25,51.58,54.9,52.12,49.29,5.04,4.5,4.3,4.4,4.6,95
PROD_ELEC_005,Electronics,26,54.74,56.14,57.2,53.93,7.94,4.5,4.3,4.4,4.3,84
PROD_ELEC_005,Electronics,27,50.82,52.22,52.11,47.97,11.99,4.5,4.6,4.7,4.3,94
PROD_ELEC_005,Electronics,28,49.34,52.08,47.55,49.81,11.97,4.5,4.3,4.6,4.6,94
PROD_ELEC_005,Electronics,29,49.43,49.73,48.89,47.05,5.05,4.5,4.3,4.3,4.7,102
PROD_ELEC_005,Electronics,30,45.95,47.66,47.56,47.06,6.1,4.5,4.3,4.2,4.4,119
PROD_ELEC_005,Electronics,31,50.17,53.51,47.34,49.38,6.49,4.5,4.6,4.5,4.6,100
PROD_ELEC_005,Electronics,32,51.24,48.55,48.97,54.23,11.5,4.5,4.5,4.7,4.6,87
PROD_ELEC_005,Electronics,33,54.02,57.94,57.91,54.8,11.11,4.5,4.3,4.4,4.6,90
PROD_ELEC_005,Electronics,34,45.99,47.69,45.86,48.69,11.09,4.5,4.5,4.5,4.3,119
PROD_ELEC_005,Electronics,35,48.13,46.55,46.18,46.58,7.27,4.5,4.7,4.3,4.6,97
PROD_ELEC_005,Electronics,36,48.26,50.1,44.79,44.22,5.68,4.5,4.5,4.1,4.3,90
PROD_ELEC_005,Electronics,37,49.22,48.72,49.51,51.7,10.75,4.5,4.7,4.4,4.4,86
PROD_ELEC_005,Electronics,38,50.28,49.5,50.45,49.08,9.78,4.5,4.6,4.4,4.7,78
PROD_ELEC_005,Electronics,39,48.22,46.26,43.39,42.19,9.09,4.5,4.5,4.3,4.8,92
PROD_ELEC_005,Electronics,40,51.26,52.58,49.17,47.54,11.9,4.5,4.4,4.4,4.5,90
PROD_ELEC_005,Electronics,41,49.46,48.5,48.64,48.2,9.4,4.5,4.7,4.6,4.7,96
PROD_ELEC_005,Electronics,42,48.37,51.61,43.69,47.52,4.56,4.5,4.6,4.6,4.4,99
PROD_ELEC_005,Electronics,43,47.13,48.28,46.58,45.13,10.63,4.5,4.5,4.1,4.4,103
PROD_ELEC_005,Electronics,44,45.29,42.65,46.5,46.26,6.75,4.5,4.6,4.6,4.6,119
PROD_ELEC_005,Electronics,45,47.01,49.68,48.89,43.71,9.48,4.5,4.6,4.7,4.8,112
PROD_ELEC_005,Electronics,46,49.37,46.76,47.17,42.45,11.54,4.5,4.5,4.6,4.7,94
PROD_ELEC_005,Electronics,47,47.26,47.43,44.17,45.23,5.51,4.5,4.3,4.1,4.7,98
PROD_ELEC_005,Electronics,48,51.94,50.04,54.57,49.91,5.37,4.5,4.4,4.6,4.7,83
PROD_ELEC_005,Electronics,49,46.9,46.73,46.37,46.28,5.3,4.5,4.4,4.1,4.6,102
PROD_ELEC_005,Electronics,50,51.05,51.86,51.58,46.15,8.65,4.5,4.2,4.6,4.6,82
PROD_ELEC_005,Electronics,51,51.39,51.81,52.67,48.82,6.54,4.5,4.7,4.3,4.9,99
PROD_ELEC_005,Electronics,52,50.91,48.79,46.62,51.0,9.04,4.5,4.3,4.5,4.6,70
PROD_APP_001,Apparel,1,72.22,75.11,64.99,67.7,9.88,4.3,4.0,4.1,4.3,75
PROD_APP_001,Apparel,2,67.82,69.34,68.82,69.7,6.03,4.3,4.1,4.2,4.5,95
PROD_APP_001,Apparel,3,61.14,61.66,63.89,66.49,9.26,4.3,4.2,3.9,4.4,129
PROD_APP_001,Apparel,4,71.73,68.79,71.88,70.72,6.48,4.3,4.4,4.0,4.6,103
PROD_APP_001,Apparel,5,70.93,71.37,72.43,67.23,8.16,4.3,4.2,4.5,4.5,93
PROD_APP_001,Apparel,6,69.89,67.24,66.25,70.48,11.29,4.3,4.2,4.3,4.4,88
PROD_APP_001,Apparel,7,73.69,75.82,72.75,72.74,10.85,4.3,4.3,4.6,4.2,91
PROD_APP_001,Apparel,8,72.25,77.06,70.79,69.5,5.19,4.3,4.3,4.3,4.7,96
PROD_APP_001,Apparel,9,69.92,70.23,73.15,71.8,7.68,4.3,4.1,4.2,4.6,94
PROD_APP_001,Apparel,10,71.41,70.28,68.25,66.97,6.58,4.3,4.0,4.4,4.6,95
PROD_APP_001,Apparel,11,67.75,70.28,69.78,68.78,4.53,4.3,4.4,4.3,4.2,119
PROD_APP_001,Apparel,12,72.47,71.54,71.66,63.16,10.28,4.3,4.0,4.1,4.2,64
PROD_APP_001,Apparel,13,63.36,65.17,62.73,58.35,9.28,4.3,4.0,4.0,4.3,120
PROD_APP_001,Apparel,14,73.27,71.81,69.74,74.91,6.46,4.3,4.5,4.2,4.6,79
PROD_APP_001,Apparel,15,69.06,64.91,70.56,61.85,10.06,4.3,4.2,4.4,4.2,90
PROD_APP_001,Apparel,16,70.96,72.4,73.81,78.14,8.64,4.3,4.3,4.0,4.5,88
PROD_APP_001,Apparel,17,72.81,71.43,73.82,72.83,7.71,4.3,4.1,4.4,4.3,97
PROD_APP_001,Apparel,18,79.65,75.4,78.74,78.86,4.57,4.3,4.0,4.4,4.3,61
PROD_APP_001,Apparel,19,69.99,71.36,68.14,68.54,5.06,4.3,4.2,4.0,4.3,103
PROD_APP_001,Apparel,20,66.96,70.25,64.66,69.08,11.12,4.3,4.4,4.2,4.6,101
PROD_APP_001,Apparel,21,71.36,72.49,71.59,66.72,11.28,4.3,4.3,4.4,4.1,68
PROD_APP_001,Apparel,22,69.52,72.36,65.99,68.23,8.59,4.3,4.4,4.6,4.5,96
PROD_APP_001,Apparel,23,67.83,68.33,69.24,70.69,10.76,4.3,4.5,4.3,4.4,107
PROD_APP_001,Apparel,24,68.41,65.83,67.01,60.59,8.87,4.3,4.0,4.4,4.3,79
PROD_APP_001,Apparel,25,71.13,73.41,72.63,64.14,5.61,4.3,4.1,4.4,4.5,93
PROD_APP_001,Apparel,26,69.72,69.05,67.57,72.96,5.46,4.3,4.2,4.4,4.3,103
PROD_APP_001,Apparel,27,66.84,69.88,65.07,67.25,6.81,4.3,4.1,4.3,4.3,103
PROD_APP_001,Apparel,28,69.42,66.57,64.79,66.43,11.24,4.3,4.2,4.3,4.5,72
PROD_APP_001,Apparel,29,69.92,70.58,69.3,70.12,10.47,4.3,4.4,4.4,4.4,89
PROD_APP_001,Apparel,30,73.89,74.67,73.86,76.02,10.96,4.3,4.3,4.1,4.3,81
PROD_APP_001,Apparel,31,70.57,72.13,70.48,69.49,11.24,4.3,4.2,4.1,4.1,94
PROD_APP_001,Apparel,32,75.2,74.47,71.45,80.49,6.08,4.3,4.2,3.9,4.7,78
PROD_APP_001,Apparel,33,70.06,72.11,64.95,65.37,6.37,4.3,4.3,4.4,4.4,88
PROD_APP_001,Apparel,34,68.88,71.15,66.92,61.45,5.27,4.3,4.3,4.1,4.3,103
PROD_APP_001,Apparel,35,69.17,71.84,71.89,66.78,10.35,4.3,4.1,3.9,4.5,96
PROD_APP_001,Apparel,36,70.52,68.86,69.27,68.56,11.13,4.3,4.1,4.3,4.5,99
PROD_APP_001,Apparel,37,69.32,69.72,68.0,72.95,7.55,4.3,4.0,4.0,4.4,82
PROD_APP_001,Apparel,38,75.36,78.22,76.0,73.32,9.15,4.3,4.1,4.2,4.5,83
PROD_APP_001,Apparel,39,70.65,70.19,71.45,68.61,5.66,4.3,4.2,4.4,4.2,89
PROD_APP_001,Apparel,40,71.7,77.13,75.2,70.55,11.47,4.3,4.4,4.2,4.1,82
PROD_APP_001,Apparel,41,65.61,68.51,67.85,61.86,10.98,4.3,4.2,3.9,4.4,105
PROD_APP_001,Apparel,42,70.92,70.08,71.41,65.57,11.82,4.3,4.5,4.6,4.1,75
PROD_APP_001,Apparel,43,67.72,72.65,71.85,63.25,10.58,4.3,4.4,4.1,4.4,84
PROD_APP_001,Apparel,44,73.52,79.04,68.21,68.18,11.11,4.3,4.5,4.0,4.4,76
PROD_APP_001,Apparel,45,68.57,71.82,68.25,68.92,4.69,4.3,4.3,4.4,4.3,120
PROD_APP_001,Apparel,46,64.52,67.82,62.94,68.05,10.02,4.3,4.2,4.2,4.2,114
PROD_APP_001,Apparel,47,65.61,67.88,67.86,61.99,6.99,4.3,4.4,4.5,4.3,88
PROD_APP_001,Apparel,48,70.69,75.04,72.6,64.53,11.48,4.3,4.4,4.3,4.3,90
PROD_APP_001,Apparel,49,68.23,69.37,68.73,64.19,10.52,4.3,4.5,4.1,4.3,93
PROD_APP_001,Apparel,50,70.11,68.62,66.78,73.13,10.98,4.3,4.4,4.2,4.3,100
PROD_APP_001,Apparel,51,74.17,72.74,71.71,74.0,10.58,4.3,4.4,4.6,4.6,89
PROD_APP_001,Apparel,52,69.11,74.53,62.48,64.56,6.5,4.3,4.3,4.4,4.2,93
PROD_APP_002,Apparel,1,45.93,49.42,46.96,40.41,10.41,4.7,4.8,4.4,4.8,90
PROD_APP_002,Apparel,2,42.74,39.65,42.65,44.23,5.31,4.7,4.6,4.9,4.9,110
PROD_APP_002,Apparel,3,46.49,48.2,47.98,43.37,11.04,4.7,4.6,5.0,5.0,80
PROD_APP_002,Apparel,4,42.52,45.17,44.09,42.86,10.94,4.7,4.6,4.6,4.6,115
PROD_APP_002,Apparel,5,46.55,49.06,45.4,44.95,6.17,4.7,4.8,4.9,4.8,76
PROD_APP_002,Apparel,6,44.19,48.29,43.84,42.23,10.62,4.7,4.8,4.7,4.7,100
PROD_APP_002,Apparel,7,43.91,43.27,44.99,41.56,7.95,4.7,4.5,4.7,4.8,107
PROD_APP_002,Apparel,8,46.38,47.44,44.43,42.2,6.79,4.7,4.6,4.7,4.7,74
PROD_APP_002,Apparel,9,43.57,47.11,41.97,37.8,10.47,4.7,4.4,4.6,5.1,81
PROD_APP_002,Apparel,10,47.77,51.38,50.03,42.94,6.21,4.7,4.6,4.8,4.6,81
PROD_APP_002,Apparel,11,42.82,42.04,43.13,41.41,4.68,4.7,4.5,5.0,4.6,107
PROD_APP_002,Apparel,12,43.28,46.77,41.52,40.31,5.95,4.7,4.6,4.6,4.7,113
PROD_APP_002,Apparel,13,44.8,43.1,42.29,40.76,6.96,4.7,4.7,4.4,4.5,91
PROD_APP_002,Apparel,14,45.15,45.9,45.12,44.33,10.98,4.7,4.7,4.8,4.7,90
PROD_APP_002,Apparel,15,46.82,45.61,48.27,49.74,11.75,4.7,4.7,4.9,5.1,79
PROD_APP_002,Apparel,16,42.93,43.42,43.09,45.93,6.59,4.7,4.7,4.6,4.5,117
PROD_APP_002,Apparel,17,41.55,43.24,42.32,40.15,9.31,4.7,4.5,4.8,5.1,123
PROD_APP_002,Apparel,18,44.24,43.6,43.49,43.75,7.5,4.7,4.6,4.5,4.8,103
PROD_APP_002,Apparel,19,48.93,52.61,45.28,49.49,11.86,4.7,4.5,4.9,4.9,71
PROD_APP_002,Apparel,20,45.58,45.22,43.14,48.88,8.52,4.7,4.7,4.8,4.5,88
PROD_APP_002,Apparel,21,46.11,47.9,45.82,46.78,11.54,4.7,4.8,4.8,4.8,97
PROD_APP_002,Apparel,22,42.21,42.74,40.48,41.33,5.37,4.7,4.7,4.5,4.7,115
PROD_APP_002,Apparel,23,45.67,47.9,44.69,48.28,11.78,4.7,4.8,4.6,4.8,83
PROD_APP_002,Apparel,24,46.55,48.48,46.51,43.82,5.84,4.7,4.4,4.5,4.8,71
PROD_APP_002,Apparel,25,44.96,44.62,43.4,47.51,11.72,4.7,4.5,4.4,4.5,85
PROD_APP_002,Apparel,26,46.82,48.77,43.92,45.8,6.49,4.7,4.7,4.4,4.7,85
PROD_APP_002,Apparel,27,42.55,42.0,48.4,44.45,5.31,4.7,4.8,4.9,4.7,100
PROD_APP_002,Apparel,28,42.02,40.93,38.74,42.54,7.76,4.7,4.8,4.4,4.7,105
PROD_APP_002,Apparel,29,45.38,51.71,45.76,43.16,9.96,4.7,4.8,4.8,4.8,99
PROD_APP_002,Apparel,30,46.08,44.97,46.45,41.97,6.85,4.7,4.7,4.5,4.6,88
PROD_APP_002,Apparel,31,47.19,49.87,43.78,45.93,9.05,4.7,4.5,4.5,4.8,76
PROD_APP_002,Apparel,32,42.16,40.61,43.0,40.53,8.34,4.7,4.5,4.5,5.1,105
PROD_APP_002,Apparel,33,47.29,52.19,43.07,40.54,7.39,4.7,4.8,4.4,4.8,89
PROD_APP_002,Apparel,34,45.87,48.65,44.86,46.0,8.82,4.7,4.5,4.7,4.6,110
PROD_APP_002,Apparel,35,42.98,43.14,40.41,43.37,6.41,4.7,4.5,4.7,4.8,109
PROD_APP_002,Apparel,36,44.46,45.27,42.31,48.54,9.82,4.7,4.7,4.5,4.5,104
PROD_APP_002,Apparel,37,45.62,49.74,46.01,45.32,4.51,4.7,4.6,4.9,4.8,95
PROD_APP_002,Apparel,38,47.74,49.33,46.55,46.05,11.44,4.7,4.4,4.6,5.0,91
PROD_APP_002,Apparel,39,44.89,45.89,46.35,37.49,8.54,4.7,4.6,4.9,4.8,76
PROD_APP_002,Apparel,40,45.47,44.42,43.45,40.68,9.9,4.7,4.4,4.6,4.8,73
PROD_APP_002,Apparel,41,47.01,50.35,48.07,42.39,10.06,4.7,4.8,4.8,4.8,78
PROD_APP_002,Apparel,42,44.98,48.39,45.46,45.66,9.53,4.7,4.7,4.4,4.9,106
PROD_APP_002,Apparel,43,48.15,50.46,46.6,45.32,7.23,4.7,4.9,4.8,4.9,82
PROD_APP_002,Apparel,44,46.03,48.39,46.28,49.8,5.02,4.7,4.5,4.6,4.9,104
PROD_APP_002,Apparel,45,43.08,42.82,40.3,39.76,9.48,4.7,4.9,4.7,4.6,97
PROD_APP_002,Apparel,46,41.83,43.04,40.41,43.48,6.98,4.7,4.7,4.9,4.7,109
PROD_APP_002,Apparel,47,42.53,44.9,42.47,42.67,6.85,4.7,4.5,4.8,4.6,103
PROD_APP_002,Apparel,48,42.98,41.22,43.88,44.38,10.86,4.7,4.8,4.8,4.6,109
PROD_APP_002,Apparel,49,45.58,45.51,42.83,38.85,9.9,4.7,4.4,4.8,4.7,82
PROD_APP_002,Apparel,50,41.47,43.41,40.45,39.06,6.75,4.7,4.7,4.3,4.6,116
PROD_APP_002,Apparel,51,46.69,48.77,43.85,44.61,6.82,4.7,4.8,4.7,4.7,85
PROD_APP_002,Apparel,52,44.69,43.44,45.79,46.93,7.56,4.7,4.4,4.9,4.9,103
PROD_APP_003,Apparel,1,60.52,64.21,60.67,62.5,7.52,4.5,4.6,4.4,4.7,84
PROD_APP_003,Apparel,2,55.06,53.18,52.99,55.73,6.72,4.5,4.7,4.3,4.6,96
PROD_APP_003,Apparel,3,56.71,59.85,54.46,55.43,5.45,4.5,4.5,4.4,4.9,105
PROD_APP_003,Apparel,4,53.6,54.67,49.64,55.57,7.65,4.5,4.5,4.3,4.4,104
PROD_APP_003,Apparel,5,58.37,63.47,59.43,53.54,11.55,4.5,4.6,4.2,4.3,96
PROD_APP_003,Apparel,6,53.53,55.72,56.56,54.64,9.58,4.5,4.6,4.8,4.6,111
PROD_APP_003,Apparel,7,48.03,48.42,48.13,43.27,11.27,4.5,4.5,4.5,4.5,117
PROD_APP_003,Apparel,8,54.43,53.76,53.48,55.84,9.12,4.5,4.6,4.6,4.4,101
PROD_APP_003,Apparel,9,56.72,56.03,58.69,52.87,6.76,4.5,4.7,4.4,4.8,88
PROD_APP_003,Apparel,10,57.25,57.98,55.29,56.71,8.61,4.5,4.7,4.2,4.5,91
PROD_APP_003,Apparel,11,54.5,52.21,52.62,51.93,4.5,4.5,4.7,4.6,4.9,93
PROD_APP_003,Apparel,12,54.33,51.72,52.53,50.7,6.65,4.5,4.3,4.3,4.4,102
PROD_APP_003,Apparel,13,52.87,51.19,51.14,51.86,7.72,4.5,4.3,4.3,4.8,108
PROD_APP_003,Apparel,14,53.46,50.43,52.52,56.19,8.85,4.5,4.3,4.5,4.6,100
PROD_APP_003,Apparel,15,55.95,54.82,55.12,48.31,9.41,4.5,4.4,4.7,4.3,80
PROD_APP_003,Apparel,16,52.7,51.25,46.05,52.83,7.99,4.5,4.5,4.6,4.8,105
PROD_APP_003,Apparel,17,56.07,52.87,54.73,57.23,7.82,4.5,4.6,4.4,4.6,89
PROD_APP_003,Apparel,18,51.13,51.28,53.27,48.76,6.1,4.5,4.4,4.4,4.8,116
PROD_APP_003,Apparel,19,54.32,54.75,58.95,57.99,8.05,4.5,4.3,4.5,4.5,121
PROD_APP_003,Apparel,20,54.55,53.69,55.1,48.69,11.26,4.5,4.3,4.3,4.4,90
PROD_APP_003,Apparel,21,53.48,56.33,49.99,52.58,10.47,4.5,4.4,4.2,4.6,106
PROD_APP_003,Apparel,22,53.58,55.51,54.3,53.64,5.77,4.5,4.3,4.3,4.8,97
PROD_APP_003,Apparel,23,52.68,51.87,53.56,54.98,5.14,4.5,4.4,4.3,4.4,101
PROD_APP_003,Apparel,24,56.25,59.24,55.61,52.35,8.37,4.5,4.7,4.4,4.6,82
PROD_APP_003,Apparel,25,53.32,55.36,45.46,50.12,9.25,4.5,4.6,4.2,4.3,83
PROD_APP_003,Apparel,26,58.81,58.58,54.96,65.55,7.01,4.5,4.7,4.5,4.6,82
PROD_APP_003,Apparel,27,49.26,53.64,48.06,48.63,10.64,4.5,4.3,4.1,4.7,119
PROD_APP_003,Apparel,28,53.82,55.43,50.88,49.57,10.13,4.5,4.4,4.7,4.5,90
PROD_APP_003,Apparel,29,53.52,55.36,51.03,54.35,9.55,4.5,4.7,4.4,4.3,104
PROD_APP_003,Apparel,30,60.07,64.96,59.88,55.74,6.18,4.5,4.2,4.8,4.7,67
PROD_APP_003,Apparel,31,54.67,56.23,58.44,56.26,5.99,4.5,4.7,4.7,4.7,111
PROD_APP_003,Apparel,32,53.74,52.75,50.57,55.32,4.68,4.5,4.5,4.8,4.5,105
PROD_APP_003,Apparel,33,53.33,53.91,48.43,50.47,6.34,4.5,4.7,4.2,4.5,102
PROD_APP_003,Apparel,34,53.71,52.43,53.97,51.92,8.06,4.5,4.5,4.3,4.6,104
PROD_APP_003,Apparel,35,58.31,61.29,59.09,61.88,10.87,4.5,4.4,4.7,4.8,83
PROD_APP_003,Apparel,36,59.79,60.34,60.97,54.03,5.05,4.5,4.3,4.2,4.5,82
PROD_APP_003,Apparel,37,58.35,58.91,58.79,54.6,7.61,4.5,4.4,4.3,4.7,67
PROD_APP_003,Apparel,38,55.73,54.15,54.51,54.47,9.22,4.5,4.7,4.3,4.7,86
PROD_APP_003,Apparel,39,56.48,58.06,56.66,59.1,5.96,4.5,4.4,4.3,4.3,101
PROD_APP_003,Apparel,40,55.78,57.94,56.63,54.7,9.72,4.5,4.4,4.2,4.9,87
PROD_APP_003,Apparel,41,59.16,61.77,58.78,56.63,8.21,4.5,4.3,4.5,4.5,74
PROD_APP_003,Apparel,42,55.2,56.16,55.89,52.12,6.33,4.5,4.2,4.6,4.6,91
PROD_APP_003,Apparel,43,56.52,54.63,57.33,49.58,9.42,4.5,4.6,4.4,4.5,89
PROD_APP_003,Apparel,44,53.69,57.24,51.76,48.61,4.54,4.5,4.2,4.4,4.6,87
PROD_APP_003,Apparel,45,53.75,56.01,56.44,50.64,10.13,4.5,4.4,4.3,4.9,93
PROD_APP_003,Apparel,46,58.16,60.11,63.27,56.32,10.28,4.5,4.4,4.2,4.7,82
PROD_APP_003,Apparel,47,55.15,57.24,53.65,54.06,5.3,4.5,4.5,4.8,4.7,88
PROD_APP_003,Apparel,48,54.42,55.04,52.16,45.65,7.69,4.5,4.6,4.7,4.7,91
PROD_APP_003,Apparel,49,51.22,50.79,49.97,47.27,5.82,4.5,4.5,4.1,4.5,117
PROD_APP_003,Apparel,50,52.63,52.89,51.18,47.26,11.68,4.5,4.6,4.5,4.4,93
PROD_APP_003,Apparel,51,59.82,61.06,59.9,60.51,8.38,4.5,4.6,4.5,4.7,75
PROD_APP_003,Apparel,52,59.67,64.75,57.57,56.81,4.88,4.5,4.6,4.5,4.8,82
PROD_APP_004,Apparel,1,108.19,105.52,106.1,106.96,6.37,4.6,4.6,4.4,4.7,115
PROD_APP_004,Apparel,2,127.3,128.7,125.48,135.0,10.86,4.6,4.5,4.7,4.9,83
PROD_APP_004,Apparel,3,119.21,124.36,113.8,121.75,7.92,4.6,4.6,4.3,5.0,108
PROD_APP_004,Apparel,4,126.41,131.18,117.87,117.19,10.51,4.6,4.6,4.5,4.5,75
PROD_APP_004,Apparel,5,118.18,114.83,119.3,116.42,9.51,4.6,4.4,4.2,4.8,97
PROD_APP_004,Apparel,6,115.46,112.54,116.29,109.41,11.91,4.6,4.7,4.8,4.7,96
PROD_APP_004,Apparel,7,108.53,116.42,107.84,102.59,8.97,4.6,4.6,4.5,5.0,110
PROD_APP_004,Apparel,8,119.76,113.85,120.6,108.84,11.63,4.6,4.8,4.5,4.7,96
PROD_APP_004,Apparel,9,119.4,118.91,120.79,119.19,11.19,4.6,4.7,4.9,4.5,94
PROD_APP_004,Apparel,10,115.72,108.84,111.03,116.95,9.09,4.6,4.3,4.5,4.7,92
PROD_APP_004,Apparel,11,113.76,108.61,105.58,111.09,9.89,4.6,4.7,4.3,4.5,110
PROD_APP_004,Apparel,12,121.87,120.38,112.45,130.63,8.29,4.6,4.3,4.2,4.6,81
PROD_APP_004,Apparel,13,114.32,119.39,105.65,116.21,10.73,4.6,4.5,4.4,4.8,90
PROD_APP_004,Apparel,14,115.48,120.18,119.94,109.41,8.61,4.6,4.4,4.7,4.6,109
PROD_APP_004,Apparel,15,112.81,119.1,116.72,121.81,11.23,4.6,4.5,4.6,4.6,112
PROD_APP_004,Apparel,16,124.26,117.62,118.14,129.07,10.08,4.6,4.4,4.9,4.8,89
PROD_APP_004,Apparel,17,121.32,129.95,114.33,112.75,8.06,4.6,4.7,4.3,4.5,83
PROD_APP_004,Apparel,18,124.97,125.2,129.31,127.98,6.44,4.6,4.6,4.7,4.7,107
PROD_APP_004,Apparel,19,110.05,109.94,104.9,111.51,6.35,4.6,4.6,4.7,4.5,100
PROD_APP_004,Apparel,20,124.53,132.36,125.31,118.66,9.28,4.6,4.8,4.4,4.7,71
PROD_APP_004,Apparel,21,113.57,124.52,105.16,111.45,10.24,4.6,4.8,4.2,4.9,108
PROD_APP_004,Apparel,22,112.46,122.01,122.31,103.87,8.41,4.6,4.3,4.6,4.6,101
PROD_APP_004,Apparel,23,118.95,125.0,120.39,110.15,9.2,4.6,4.6,4.8,4.9,94
PROD_APP_004,Apparel,24,108.84,116.16,114.07,104.82,6.56,4.6,4.3,4.4,4.5,114
PROD_APP_004,Apparel,25,127.11,136.96,124.33,123.65,5.08,4.6,4.6,4.6,4.6,80
PROD_APP_004,Apparel,26,127.03,125.71,127.58,134.92,6.64,4.6,4.7,4.3,4.4,84
PROD_APP_004,Apparel,27,114.49,122.99,120.04,111.98,6.54,4.6,4.6,4.3,4.7,106
PROD_APP_004,Apparel,28,123.31,132.77,112.28,109.33,6.9,4.6,4.3,4.4,4.5,77
PROD_APP_004,Apparel,29,128.5,118.28,135.42,127.25,8.55,4.6,4.5,4.7,4.8,70
PROD_APP_004,Apparel,30,113.54,112.21,110.14,103.89,5.54,4.6,4.6,4.7,4.8,101
PROD_APP_004,Apparel,31,123.18,127.43,132.8,119.48,6.23,4.6,4.3,4.4,4.7,82
PROD_APP_004,Apparel,32,122.69,130.27,123.61,116.83,9.7,4.6,4.8,4.3,4.7,88
PROD_APP_004,Apparel,33,126.72,141.01,126.7,116.04,9.8,4.6,4.6,4.8,4.4,69
PROD_APP_004,Apparel,34,121.54,133.55,120.21,111.78,4.98,4.6,4.6,4.8,4.9,79
PROD_APP_004,Apparel,35,129.53,135.09,137.3,115.21,7.56,4.6,4.7,4.6,4.6,65
PROD_APP_004,Apparel,36,119.1,119.7,116.98,121.0,8.57,4.6,4.5,4.7,4.6,107
PROD_APP_004,Apparel,37,118.28,128.17,121.11,113.76,7.62,4.6,4.6,4.9,4.6,93
PROD_APP_004,Apparel,38,117.94,119.44,113.85,105.55,6.05,4.6,4.6,4.9,4.7,90
PROD_APP_004,Apparel,39,113.07,107.7,101.8,100.48,7.65,4.6,4.6,4.2,4.9,90
PROD_APP_004,Apparel,40,131.71,135.25,133.76,147.08,11.29,4.6,4.6,4.5,4.6,82
PROD_APP_004,Apparel,41,118.31,116.11,120.12,109.59,8.88,4.6,4.7,4.6,4.6,110
PROD_APP_004,Apparel,42,127.13,130.61,134.7,124.26,9.72,4.6,4.8,4.5,4.6,81
PROD_APP_004,Apparel,43,119.55,121.58,130.15,106.02,10.93,4.6,4.7,4.3,4.7,91
PROD_APP_004,Apparel,44,128.92,137.15,130.43,119.59,10.24,4.6,4.8,4.3,4.9,88
PROD_APP_004,Apparel,45,122.61,112.64,125.57,119.86,7.35,4.6,4.7,4.9,4.4,85
PROD_APP_004,Apparel,46,132.27,131.79,136.53,126.91,4.54,4.6,4.6,4.5,4.4,72
PROD_APP_004,Apparel,47,125.03,128.57,115.7,117.29,7.14,4.6,4.7,4.8,4.8,80
PROD_APP_004,Apparel,48,119.53,127.38,114.99,125.05,10.15,4.6,4.6,4.7,4.8,97
PROD_APP_004,Apparel,49,123.12,125.1,135.88,125.99,10.9,4.6,4.6,4.3,4.4,102
PROD_APP_004,Apparel,50,112.33,120.87,114.32,98.55,11.65,4.6,4.6,4.3,4.7,96
PROD_APP_004,Apparel,51,117.66,118.07,113.67,105.27,7.64,4.6,4.6,4.5,4.6,89
PROD_APP_004,Apparel,52,116.63,118.04,116.57,108.04,10.11,4.6,4.3,4.6,4.7,95
PROD_HOME_001,Home & Kitchen,1,100.77,106.91,100.65,89.66,8.6,4.7,4.9,4.9,4.7,82
PROD_HOME_001,Home & Kitchen,2,100.65,96.07,100.25,99.56,9.02,4.7,4.5,4.6,4.8,94
PROD_HOME_001,Home & Kitchen,3,105.76,113.74,103.1,86.07,6.15,4.7,4.6,4.4,4.6,66
PROD_HOME_001,Home & Kitchen,4,99.67,102.1,101.2,91.2,6.15,4.7,4.6,4.5,4.6,99
PROD_HOME_001,Home & Kitchen,5,102.47,102.33,104.07,111.29,7.77,4.7,4.4,4.5,4.7,101
PROD_HOME_001,Home & Kitchen,6,99.75,103.75,97.02,93.79,4.72,4.7,4.6,4.6,5.1,98
PROD_HOME_001,Home & Kitchen,7,102.49,102.35,107.72,94.02,7.02,4.7,4.8,4.9,5.0,99
PROD_HOME_001,Home & Kitchen,8,91.25,93.66,88.67,87.14,9.59,4.7,4.7,4.6,4.8,105
PROD_HOME_001,Home & Kitchen,9,95.16,103.26,91.44,85.6,7.53,4.7,4.6,4.6,4.9,95
PROD_HOME_001,Home & Kitchen,10,110.33,107.33,110.68,124.03,5.74,4.7,4.7,4.4,4.9,68
PROD_HOME_001,Home & Kitchen,11,99.74,101.1,100.39,105.43,8.01,4.7,4.7,4.9,4.9,108
PROD_HOME_001,Home & Kitchen,12,94.6,95.5,105.2,89.5,5.46,4.7,4.6,4.7,4.8,99
PROD_HOME_001,Home & Kitchen,13,90.79,92.49,92.79,88.74,9.17,4.7,4.4,4.7,4.8,117
PROD_HOME_001,Home & Kitchen,14,93.49,97.53,80.82,90.47,4.7,4.7,4.4,4.9,4.8,96
PROD_HOME_001,Home & Kitchen,15,101.11,106.79,98.59,106.04,7.46,4.7,4.7,4.4,4.7,97
PROD_HOME_001,Home & Kitchen,16,100.96,100.44,96.17,101.1,8.73,4.7,4.7,4.6,4.9,77
PROD_HOME_001,Home & Kitchen,17,100.35,97.16,95.86,91.81,4.7,4.7,4.4,4.8,4.9,99
PROD_HOME_001,Home & Kitchen,18,98.01,99.55,101.93,106.26,9.32,4.7,4.7,5.0,5.1,112
PROD_HOME_001,Home & Kitchen,19,95.12,100.85,95.77,90.97,5.52,4.7,4.5,4.9,4.8,98
PROD_HOME_001,Home & Kitchen,20,96.39,93.95,99.08,98.08,7.96,4.7,4.6,4.6,4.6,110
PROD_HOME_001,Home & Kitchen,21,100.16,102.61,98.26,99.53,4.88,4.7,4.7,5.0,4.7,102
PROD_HOME_001,Home & Kitchen,22,103.66,107.32,98.37,103.85,7.34,4.7,4.5,4.7,4.7,100
PROD_HOME_001,Home & Kitchen,23,109.48,107.52,103.82,111.21,6.09,4.7,4.5,4.8,5.0,65
PROD_HOME_001,Home & Kitchen,24,96.83,103.96,92.51,85.16,6.95,4.7,4.4,4.6,4.6,82
PROD_HOME_001,Home & Kitchen,25,95.94,93.58,96.22,94.29,10.21,4.7,4.8,4.8,4.6,111
PROD_HOME_001,Home & Kitchen,26,97.83,101.08,97.55,88.24,7.34,4.7,4.7,4.8,4.8,102
PROD_HOME_001,Home & Kitchen,27,98.19,97.29,99.04,97.08,10.14,4.7,4.8,4.9,5.1,111
PROD_HOME_001,Home & Kitchen,28,93.7,98.64,90.77,93.15,10.74,4.7,4.8,4.8,4.7,104
PROD_HOME_001,Home & Kitchen,29,99.67,101.95,99.04,95.78,6.39,4.7,4.6,4.4,5.0,105
PROD_HOME_001,Home & Kitchen,30,99.57,96.21,99.63,97.13,5.11,4.7,4.7,4.6,5.0,111
PROD_HOME_001,Home & Kitchen,31,102.66,108.16,107.89,106.09,4.65,4.7,4.8,4.4,4.7,105
PROD_HOME_001,Home & Kitchen,32,98.41,100.66,98.35,87.28,8.55,4.7,4.5,5.0,4.7,95
PROD_HOME_001,Home & Kitchen,33,97.37,104.58,98.46,94.68,12.0,4.7,4.6,4.7,4.8,90
PROD_HOME_001,Home & Kitchen,34,93.41,95.34,97.37,84.23,7.12,4.7,4.9,4.5,4.5,101
PROD_HOME_001,Home & Kitchen,35,104.97,114.22,95.32,90.57,9.38,4.7,4.8,4.8,4.8,70
PROD_HOME_001,Home & Kitchen,36,102.9,98.14,100.4,100.33,10.36,4.7,4.6,4.7,5.1,102
PROD_HOME_001,Home & Kitchen,37,103.96,105.53,100.54,99.85,9.39,4.7,4.5,4.3,5.0,85
PROD_HOME_001,Home & Kitchen,38,93.25,96.9,95.49,91.29,10.16,4.7,4.9,4.6,4.6,110
PROD_HOME_001,Home & Kitchen,39,89.11,91.53,94.59,78.56,11.62,4.7,4.4,5.0,4.6,104
PROD_HOME_001,Home & Kitchen,40,101.64,103.24,98.32,95.09,6.0,4.7,4.6,4.8,4.8,98
PROD_HOME_001,Home & Kitchen,41,101.38,103.32,102.0,98.27,4.65,4.7,4.7,5.0,5.0,87
PROD_HOME_001,Home & Kitchen,42,104.11,107.39,100.14,92.11,5.64,4.7,4.8,4.5,5.0,75
PROD_HOME_001,Home & Kitchen,43,96.08,95.08,86.61,95.92,5.45,4.7,4.8,4.9,4.8,81
PROD_HOME_001,Home & Kitchen,44,93.85,93.02,91.45,85.09,9.52,4.7,4.6,4.4,5.0,92
PROD_HOME_001,Home & Kitchen,45,101.57,100.0,101.47,106.47,8.73,4.7,4.5,4.9,4.5,99
PROD_HOME_001,Home & Kitchen,46,97.93,106.04,97.29,91.24,6.13,4.7,4.5,4.6,4.7,88
PROD_HOME_001,Home & Kitchen,47,93.9,96.38,88.77,93.98,9.75,4.7,4.8,4.8,4.9,106
PROD_HOME_001,Home & Kitchen,48,90.15,92.54,83.86,86.25,10.25,4.7,4.6,4.3,4.7,107
PROD_HOME_001,Home & Kitchen,49,98.08,99.56,95.15,88.17,5.76,4.7,4.9,4.6,5.0,88
PROD_HOME_001,Home & Kitchen,50,101.34,108.22,92.85,95.99,9.05,4.7,4.9,4.9,5.0,84
PROD_HOME_001,Home & Kitchen,51,105.9,110.06,103.77,99.37,10.11,4.7,4.6,4.4,4.9,90
PROD_HOME_001,Home & Kitchen,52,92.88,93.09,97.44,88.54,5.36,4.7,4.5,4.5,4.9,107
PROD_HOME_002,Home & Kitchen,1,205.27,216.18,214.41,193.41,10.64,4.5,4.6,4.2,4.4,81
PROD_HOME_002,Home & Kitchen,2,176.38,177.59,181.68,159.34,11.74,4.5,4.2,4.5,4.4,108
PROD_HOME_002,Home & Kitchen,3,183.11,185.34,177.14,168.94,5.31,4.5,4.3,4.3,4.9,96
PROD_HOME_002,Home & Kitchen,4,187.94,196.68,178.48,193.62,4.69,4.5,4.5,4.5,4.4,96
PROD_HOME_002,Home & Kitchen,5,179.57,172.55,171.14,187.02,6.84,4.5,4.2,4.3,4.6,110
PROD_HOME_002,Home & Kitchen,6,192.3,201.87,182.37,184.88,9.58,4.5,4.4,4.8,4.6,98
PROD_HOME_002,Home & Kitchen,7,169.13,171.42,168.65,172.68,11.69,4.5,4.4,4.4,4.8,125
PROD_HOME_002,Home & Kitchen,8,195.52,208.77,188.14,191.53,7.47,4.5,4.6,4.7,4.8,95
PROD_HOME_002,Home & Kitchen,9,184.71,187.44,198.28,168.72,9.86,4.5,4.4,4.5,4.4,106
PROD_HOME_002,Home & Kitchen,10,186.93,192.89,200.21,173.98,5.07,4.5,4.6,4.4,4.4,86
PROD_HOME_002,Home & Kitchen,11,189.16,197.09,196.25,182.81,9.68,4.5,4.3,4.4,4.4,111
PROD_HOME_002,Home & Kitchen,12,192.12,201.75,178.79,188.45,9.2,4.5,4.3,4.6,4.7,99
PROD_HOME_002,Home & Kitchen,13,198.42,208.43,197.03,197.09,5.26,4.5,4.2,4.7,4.4,102
PROD_HOME_002,Home & Kitchen,14,177.33,188.03,170.68,154.5,10.29,4.5,4.4,4.7,4.5,106
PROD_HOME_002,Home & Kitchen,15,195.1,202.34,190.42,174.27,10.88,4.5,4.5,4.5,4.4,87
PROD_HOME_002,Home & Kitchen,16,182.06,190.29,163.16,181.08,9.0,4.5,4.4,4.8,4.7,100
PROD_HOME_002,Home & Kitchen,17,190.46,200.13,182.76,188.9,5.41,4.5,4.5,4.5,4.4,97
PROD_HOME_002,Home & Kitchen,18,172.04,185.51,157.45,167.67,11.88,4.5,4.5,4.2,4.7,106
PROD_HOME_002,Home & Kitchen,19,202.93,220.31,232.88,183.16,10.37,4.5,4.3,4.7,4.4,81
PROD_HOME_002,Home & Kitchen,20,170.21,172.75,161.48,157.34,7.1,4.5,4.3,4.5,4.5,123
PROD_HOME_002,Home & Kitchen,21,170.37,173.97,150.97,161.98,7.71,4.5,4.4,4.2,4.9,116
PROD_HOME_002,Home & Kitchen,22,193.42,215.79,195.13,186.46,7.28,4.5,4.4,4.2,4.4,80
PROD_HOME_002,Home & Kitchen,23,185.35,193.75,183.71,164.16,8.29,4.5,4.2,4.1,4.8,82
PROD_HOME_002,Home & Kitchen,24,191.88,204.76,187.92,180.13,7.06,4.5,4.2,4.4,4.6,78
PROD_HOME_002,Home & Kitchen,25,172.4,181.25,164.83,163.94,10.87,4.5,4.6,4.8,4.9,103
PROD_HOME_002,Home & Kitchen,26,187.52,193.37,195.17,169.92,10.67,4.5,4.5,4.4,4.6,98
PROD_HOME_002,Home & Kitchen,27,182.3,192.92,185.19,174.41,5.29,4.5,4.7,4.5,4.6,101
PROD_HOME_002,Home & Kitchen,28,183.45,181.47,170.33,180.07,11.71,4.5,4.5,4.2,4.3,105
PROD_HOME_002,Home & Kitchen,29,189.0,195.75,180.14,185.39,9.27,4.5,4.5,4.2,4.6,98
PROD_HOME_002,Home & Kitchen,30,191.84,191.83,203.61,189.87,10.72,4.5,4.6,4.5,4.4,103
PROD_HOME_002,Home & Kitchen,31,180.57,179.61,180.47,178.37,9.8,4.5,4.3,4.6,4.6,97
PROD_HOME_002,Home & Kitchen,32,200.0,208.51,184.76,192.88,7.77,4.5,4.4,4.2,4.9,81
PROD_HOME_002,Home & Kitchen,33,186.3,187.75,190.34,172.91,10.0,4.5,4.2,4.1,4.6,107
PROD_HOME_002,Home & Kitchen,34,171.83,175.81,170.67,167.5,11.74,4.5,4.7,4.4,4.8,107
PROD_HOME_002,Home & Kitchen,35,179.55,193.34,176.74,176.55,6.53,4.5,4.6,4.8,4.4,117
PROD_HOME_002,Home & Kitchen,36,180.19,188.47,185.7,173.04,10.56,4.5,4.3,4.3,4.9,98
PROD_HOME_002,Home & Kitchen,37,202.82,214.07,200.16,199.69,8.54,4.5,4.6,4.2,4.9,86
PROD_HOME_002,Home & Kitchen,38,202.88,201.45,189.75,189.63,8.13,4.5,4.5,4.4,4.7,94
PROD_HOME_002,Home & Kitchen,39,187.68,177.24,181.54,170.34,7.77,4.5,4.5,4.7,4.4,85
PROD_HOME_002,Home & Kitchen,40,188.69,205.18,196.24,202.25,9.98,4.5,4.4,4.5,4.3,100
PROD_HOME_002,Home & Kitchen,41,200.16,214.35,197.05,189.49,6.51,4.5,4.5,4.7,4.7,85
PROD_HOME_002,Home & Kitchen,42,193.2,207.4,194.83,185.89,10.89,4.5,4.4,4.4,4.9,101
PROD_HOME_002,Home & Kitchen,43,185.1,190.61,182.69,192.07,10.73,4.5,4.4,4.7,4.4,103
PROD_HOME_002,Home & Kitchen,44,182.89,188.18,192.61,156.97,5.15,4.5,4.4,4.7,4.5,89
PROD_HOME_002,Home & Kitchen,45,187.17,189.07,194.53,173.56,11.11,4.5,4.3,4.3,4.9,81
PROD_HOME_002,Home & Kitchen,46,188.46,182.21,186.0,181.69,6.33,4.5,4.6,4.8,4.3,104
PROD_HOME_002,Home & Kitchen,47,192.63,192.56,182.55,180.09,7.99,4.5,4.4,4.5,4.6,86
PROD_HOME_002,Home & Kitchen,48,193.4,196.03,200.52,167.78,9.08,4.5,4.4,4.7,4.8,103
PROD_HOME_002,Home & Kitchen,49,200.41,191.87,168.27,201.27,7.34,4.5,4.3,4.3,4.5,76
PROD_HOME_002,Home & Kitchen,50,179.63,177.52,179.18,172.03,4.72,4.5,4.5,4.3,4.5,94
PROD_HOME_002,Home & Kitchen,51,187.55,187.26,193.16,161.0,10.88,4.5,4.2,4.3,4.6,85
PROD_HOME_002,Home & Kitchen,52,195.29,207.73,202.16,212.73,5.86,4.5,4.4,4.2,4.9,117
PROD_HOME_003,Home & Kitchen,1,129.95,138.67,119.73,130.11,6.09,4.6,4.6,4.9,4.8,105
PROD_HOME_003,Home & Kitchen,2,132.72,142.2,127.34,125.58,10.48,4.6,4.5,4.5,4.9,81
PROD_HOME_003,Home & Kitchen,3,139.44,141.79,125.2,142.72,7.05,4.6,4.4,4.6,4.6,74
PROD_HOME_003,Home & Kitchen,4,134.53,121.59,137.16,131.07,11.1,4.6,4.7,4.3,4.7,87
PROD_HOME_003,Home & Kitchen,5,131.51,139.59,124.7,138.8,9.76,4.6,4.5,4.8,4.5,91
PROD_HOME_003,Home & Kitchen,6,124.22,122.98,115.24,106.43,6.57,4.6,4.6,4.7,4.6,84
PROD_HOME_003,Home & Kitchen,7,129.13,129.01,119.07,116.89,4.58,4.6,4.4,4.4,5.0,73
PROD_HOME_003,Home & Kitchen,8,129.33,125.08,114.3,127.7,11.61,4.6,4.4,4.7,4.8,87
PROD_HOME_003,Home & Kitchen,9,124.93,128.44,120.82,122.57,5.14,4.6,4.4,4.8,4.4,114
PROD_HOME_003,Home & Kitchen,10,133.93,135.86,140.66,126.36,9.9,4.6,4.8,4.3,4.5,86
PROD_HOME_003,Home & Kitchen,11,137.83,132.17,129.18,134.74,8.16,4.6,4.4,4.5,4.8,76
PROD_HOME_003,Home & Kitchen,12,124.84,124.41,115.85,123.29,10.19,4.6,4.8,4.8,4.5,96
PROD_HOME_003,Home & Kitchen,13,128.71,128.89,127.71,111.37,9.68,4.6,4.7,4.5,4.8,89
PROD_HOME_003,Home & Kitchen,14,132.48,133.03,130.04,114.82,9.34,4.6,4.6,4.7,4.6,74
PROD_HOME_003,Home & Kitchen,15,126.12,133.19,135.58,119.3,8.18,4.6,4.6,4.8,4.5,103
PROD_HOME_003,Home & Kitchen,16,122.49,127.01,130.8,117.34,10.45,4.6,4.5,4.6,4.9,89
PROD_HOME_003,Home & Kitchen,17,142.65,151.35,136.56,138.6,5.2,4.6,4.5,4.3,4.7,82
PROD_HOME_003,Home & Kitchen,18,119.71,116.58,113.45,108.22,6.16,4.6,4.8,4.8,4.8,99
PROD_HOME_003,Home & Kitchen,19,131.47,132.4,134.04,132.89,9.69,4.6,4.7,4.6,4.8,101
PROD_HOME_003,Home & Kitchen,20,124.63,135.69,107.85,121.61,6.8,4.6,4.3,4.5,4.6,86
PROD_HOME_003,Home & Kitchen,21,122.89,126.01,127.77,123.97,8.86,4.6,4.4,4.7,4.9,90
PROD_HOME_003,Home & Kitchen,22,143.26,148.56,149.76,135.47,8.05,4.6,4.5,4.9,4.8,75
PROD_HOME_003,Home & Kitchen,23,133.34,140.38,134.17,125.08,8.48,4.6,4.5,4.9,4.6,95
PROD_HOME_003,Home & Kitchen,24,121.17,125.15,118.96,123.08,7.69,4.6,4.8,4.9,4.4,112
PROD_HOME_003,Home & Kitchen,25,133.16,141.53,125.97,131.95,10.09,4.6,4.3,4.5,4.9,89
PROD_HOME_003,Home & Kitchen,26,135.49,136.18,146.66,130.58,6.98,4.6,4.5,4.8,4.8,84
PROD_HOME_003,Home & Kitchen,27,131.69,124.05,128.06,110.21,9.77,4.6,4.6,4.7,4.6,90
PROD_HOME_003,Home & Kitchen,28,122.93,121.64,119.4,116.87,6.53,4.6,4.6,4.8,4.9,103
PROD_HOME_003,Home & Kitchen,29,118.41,110.21,118.57,110.87,6.39,4.6,4.5,4.8,4.9,101
PROD_HOME_003,Home & Kitchen,30,134.51,138.87,122.55,128.76,5.4,4.6,4.5,4.6,4.5,94
PROD_HOME_003,Home & Kitchen,31,133.11,143.74,128.48,125.14,5.94,4.6,4.3,4.2,4.7,98
PROD_HOME_003,Home & Kitchen,32,131.92,131.72,137.15,136.63,5.4,4.6,4.4,4.2,4.8,83
PROD_HOME_003,Home & Kitchen,33,137.72,150.66,142.15,143.2,8.52,4.6,4.4,4.3,4.8,90
PROD_HOME_003,Home & Kitchen,34,122.47,119.3,124.1,132.52,10.22,4.6,4.7,4.7,4.9,115
PROD_HOME_003,Home & Kitchen,35,126.99,133.37,116.87,131.21,5.89,4.6,4.7,4.3,4.5,84
PROD_HOME_003,Home & Kitchen,36,131.85,139.04,130.45,124.25,6.12,4.6,4.7,4.6,4.9,88
PROD_HOME_003,Home & Kitchen,37,132.56,130.13,127.33,124.94,8.13,4.6,4.7,4.4,4.7,97
PROD_HOME_003,Home & Kitchen,38,140.89,145.0,139.17,127.95,9.93,4.6,4.5,4.6,4.6,70
PROD_HOME_003,Home & Kitchen,39,128.6,133.12,131.75,126.79,11.82,4.6,4.6,4.4,4.5,105
PROD_HOME_003,Home & Kitchen,40,129.54,129.16,126.45,136.21,8.43,4.6,4.4,4.3,4.8,94
PROD_HOME_003,Home & Kitchen,41,126.82,134.81,128.7,138.8,6.62,4.6,4.6,4.4,4.4,115
PROD_HOME_003,Home & Kitchen,42,137.43,145.53,135.3,143.35,5.25,4.6,4.8,4.3,4.8,92
PROD_HOME_003,Home & Kitchen,43,134.82,134.08,134.93,128.32,5.96,4.6,4.6,4.5,4.7,87
PROD_HOME_003,Home & Kitchen,44,134.97,143.44,128.4,131.99,6.21,4.6,4.7,4.4,4.4,88
PROD_HOME_003,Home & Kitchen,45,132.66,134.09,140.57,135.36,5.85,4.6,4.3,4.5,4.8,105
PROD_HOME_003,Home & Kitchen,46,123.71,127.56,120.59,125.19,4.61,4.6,4.5,4.6,4.5,94
PROD_HOME_003,Home & Kitchen,47,135.14,134.76,139.55,121.12,8.51,4.6,4.4,4.9,5.0,94
PROD_HOME_003,Home & Kitchen,48,130.08,130.05,123.26,123.96,6.56,4.6,4.7,4.5,4.5,89
PROD_HOME_003,Home & Kitchen,49,122.34,133.7,117.65,124.77,11.81,4.6,4.8,4.5,4.9,106
PROD_HOME_003,Home & Kitchen,50,123.59,134.84,119.51,114.18,8.65,4.6,4.5,4.6,4.4,102
PROD_HOME_003,Home & Kitchen,51,133.54,124.61,132.15,130.8,9.73,4.6,4.7,4.6,4.9,86
PROD_HOME_003,Home & Kitchen,52,138.38,150.72,126.78,124.57,5.45,4.6,4.4,4.3,4.4,94
PROD_HOME_004,Home & Kitchen,1,49.13,51.07,50.32,45.18,11.01,4.4,4.2,4.7,4.7,93
PROD_HOME_004,Home & Kitchen,2,44.94,45.36,46.82,42.07,8.18,4.4,4.1,4.0,4.6,115
PROD_HOME_004,Home & Kitchen,3,52.85,47.91,52.28,50.93,11.05,4.4,4.5,4.2,4.7,76
PROD_HOME_004,Home & Kitchen,4,54.3,52.44,54.88,54.76,8.81,4.4,4.5,4.3,4.4,72
PROD_HOME_004,Home & Kitchen,5,50.96,53.69,48.72,40.52,8.02,4.4,4.3,4.7,4.5,77
PROD_HOME_004,Home & Kitchen,6,46.94,53.08,45.08,50.46,7.8,4.4,4.4,4.3,4.3,103
PROD_HOME_004,Home & Kitchen,7,45.95,46.45,44.92,46.3,5.88,4.4,4.4,4.4,4.3,113
PROD_HOME_004,Home & Kitchen,8,51.55,50.93,50.4,47.19,4.89,4.4,4.5,4.2,4.3,101
PROD_HOME_004,Home & Kitchen,9,51.79,52.5,49.61,55.41,11.56,4.4,4.6,4.5,4.4,82
PROD_HOME_004,Home & Kitchen,10,50.08,49.23,50.09,44.8,8.08,4.4,4.5,4.5,4.6,93
PROD_HOME_004,Home & Kitchen,11,52.14,53.71,51.02,48.77,10.67,4.4,4.4,4.1,4.3,97
PROD_HOME_004,Home & Kitchen,12,48.24,47.95,43.89,43.11,7.51,4.4,4.1,4.5,4.7,83
PROD_HOME_004,Home & Kitchen,13,49.51,50.11,50.28,51.8,5.06,4.4,4.3,4.3,4.7,104
PROD_HOME_004,Home & Kitchen,14,48.82,49.02,51.37,46.99,9.22,4.4,4.5,4.3,4.7,104
PROD_HOME_004,Home & Kitchen,15,48.47,50.59,48.98,48.05,4.9,4.4,4.1,4.1,4.5,105
PROD_HOME_004,Home & Kitchen,16,49.9,54.64,51.84,48.52,5.62,4.4,4.6,4.5,4.7,94
PROD_HOME_004,Home & Kitchen,17,50.06,50.45,49.36,39.04,8.72,4.4,4.4,4.5,4.5,75
PROD_HOME_004,Home & Kitchen,18,48.77,50.54,45.94,47.7,6.78,4.4,4.4,4.1,4.8,96
PROD_HOME_004,Home & Kitchen,19,48.01,49.04,44.25,48.59,11.95,4.4,4.6,4.4,4.5,101
PROD_HOME_004,Home & Kitchen,20,51.23,51.12,51.7,55.84,5.39,4.4,4.1,4.3,4.7,111
PROD_HOME_004,Home & Kitchen,21,49.4,49.58,47.59,48.79,10.23,4.4,4.5,4.2,4.6,85
PROD_HOME_004,Home & Kitchen,22,53.19,55.92,50.09,52.43,9.05,4.4,4.2,4.3,4.3,91
PROD_HOME_004,Home & Kitchen,23,52.56,55.29,52.07,47.91,10.43,4.4,4.4,4.3,4.7,86
PROD_HOME_004,Home & Kitchen,24,50.04,44.49,47.49,52.17,6.19,4.4,4.5,4.3,4.4,86
PROD_HOME_004,Home & Kitchen,25,56.88,57.32,58.39,52.95,8.42,4.4,4.2,4.2,4.8,56
PROD_HOME_004,Home & Kitchen,26,49.56,48.8,47.77,42.45,7.88,4.4,4.1,4.2,4.5,81
PROD_HOME_004,Home & Kitchen,27,44.87,47.09,45.56,43.37,7.82,4.4,4.2,4.3,4.7,105
PROD_HOME_004,Home & Kitchen,28,48.22,50.46,45.49,46.61,10.95,4.4,4.5,4.2,4.5,96
PROD_HOME_004,Home & Kitchen,29,51.64,51.01,51.92,49.32,11.93,4.4,4.3,4.6,4.3,99
PROD_HOME_004,Home & Kitchen,30,47.8,48.7,44.15,48.32,6.79,4.4,4.4,4.2,4.6,96
PROD_HOME_004,Home & Kitchen,31,52.16,50.73,53.17,52.53,9.16,4.4,4.2,4.2,4.4,74
PROD_HOME_004,Home & Kitchen,32,50.22,51.72,53.74,48.12,9.07,4.4,4.6,4.4,4.7,87
PROD_HOME_004,Home & Kitchen,33,44.55,44.5,42.85,44.49,10.05,4.4,4.4,4.7,4.5,96
PROD_HOME_004,Home & Kitchen,34,56.36,56.05,55.96,52.38,11.61,4.4,4.5,4.1,4.4,77
PROD_HOME_004,Home & Kitchen,35,48.27,46.63,47.6,41.94,6.06,4.4,4.1,4.1,4.2,91
PROD_HOME_004,Home & Kitchen,36,49.9,49.83,49.78,48.54,6.08,4.4,4.4,4.4,4.3,107
PROD_HOME_004,Home & Kitchen,37,48.47,47.47,44.74,48.27,9.45,4.4,4.2,4.1,4.6,90
PROD_HOME_004,Home & Kitchen,38,52.41,55.99,53.48,51.38,5.68,4.4,4.2,4.2,4.7,92
PROD_HOME_004,Home & Kitchen,39,48.06,52.12,48.13,48.45,5.8,4.4,4.3,4.0,4.5,100
PROD_HOME_004,Home & Kitchen,40,46.94,47.4,44.2,48.94,5.06,4.4,4.5,4.1,4.4,98
PROD_HOME_004,Home & Kitchen,41,47.42,47.66,48.47,48.64,4.52,4.4,4.2,4.4,4.3,106
PROD_HOME_004,Home & Kitchen,42,47.11,50.56,42.26,46.02,7.88,4.4,4.2,4.3,4.7,104
PROD_HOME_004,Home & Kitchen,43,53.37,57.2,57.28,52.75,8.95,4.4,4.2,4.6,4.6,92
PROD_HOME_004,Home & Kitchen,44,53.52,54.43,50.69,50.3,6.68,4.4,4.1,4.3,4.5,74
PROD_HOME_004,Home & Kitchen,45,53.83,57.32,52.05,53.97,6.24,4.4,4.6,4.1,4.4,84
PROD_HOME_004,Home & Kitchen,46,53.06,51.17,55.93,58.49,9.8,4.4,4.4,4.2,4.4,95
PROD_HOME_004,Home & Kitchen,47,49.03,50.86,49.13,51.25,9.77,4.4,4.2,4.4,4.7,110
PROD_HOME_004,Home & Kitchen,48,52.41,54.46,51.7,47.27,7.91,4.4,4.3,4.7,4.4,79
PROD_HOME_004,Home & Kitchen,49,48.35,48.86,45.6,50.15,9.66,4.4,4.3,4.5,4.4,96
PROD_HOME_004,Home & Kitchen,50,53.62,50.25,50.53,53.42,11.43,4.4,4.5,4.3,4.5,63
PROD_HOME_004,Home & Kitchen,51,47.0,49.61,47.2,45.17,10.41,4.4,4.4,4.0,4.6,111
PROD_HOME_004,Home & Kitchen,52,54.08,61.68,55.23,50.29,9.19,4.4,4.2,4.7,4.4,77
PROD_BEAU_001,Health & Beauty,1,29.0,29.52,29.74,33.55,9.46,4.8,4.6,4.5,4.9,113
PROD_BEAU_001,Health & Beauty,2,28.72,28.17,27.24,30.17,11.5,4.8,4.9,4.7,4.6,109
PROD_BEAU_001,Health & Beauty,3,32.39,33.99,32.08,30.96,7.69,4.8,5.0,5.1,4.9,85
PROD_BEAU_001,Health & Beauty,4,29.22,30.58,28.84,27.51,8.58,4.8,4.7,4.6,4.9,97
PROD_BEAU_001,Health & Beauty,5,33.4,32.42,31.34,31.52,9.36,4.8,4.8,4.6,5.2,90
PROD_BEAU_001,Health & Beauty,6,30.01,30.89,31.06,28.26,11.31,4.8,4.6,4.7,5.0,93
PROD_BEAU_001,Health & Beauty,7,32.43,33.58,32.91,28.16,10.7,4.8,4.9,4.9,5.2,74
PROD_BEAU_001,Health & Beauty,8,28.77,29.33,25.89,26.76,5.04,4.8,4.9,4.9,5.1,77
PROD_BEAU_001,Health & Beauty,9,30.5,30.78,28.34,27.53,5.74,4.8,4.5,4.6,5.1,92
PROD_BEAU_001,Health & Beauty,10,30.02,29.09,29.06,25.69,6.81,4.8,5.0,4.9,4.9,72
PROD_BEAU_001,Health & Beauty,11,29.96,30.91,27.89,28.67,10.12,4.8,4.9,5.1,5.1,96
PROD_BEAU_001,Health & Beauty,12,27.66,29.92,27.5,29.72,8.77,4.8,4.6,4.5,4.9,127
PROD_BEAU_001,Health & Beauty,13,31.42,34.97,31.08,31.43,6.66,4.8,4.9,5.1,4.9,93
PROD_BEAU_001,Health & Beauty,14,28.92,30.22,28.23,28.84,5.43,4.8,4.7,4.4,4.8,92
PROD_BEAU_001,Health & Beauty,15,31.32,30.54,29.81,30.51,9.67,4.8,4.8,5.1,5.0,97
PROD_BEAU_001,Health & Beauty,16,30.74,31.39,31.67,29.96,9.75,4.8,4.6,4.8,4.9,85
PROD_BEAU_001,Health & Beauty,17,29.93,28.85,29.43,29.96,11.57,4.8,4.8,4.6,4.8,109
PROD_BEAU_001,Health & Beauty,18,29.11,29.31,27.45,27.1,8.25,4.8,4.5,4.7,4.6,100
PROD_BEAU_001,Health & Beauty,19,30.21,30.93,30.57,30.83,8.2,4.8,4.8,4.6,5.1,103
PROD_BEAU_001,Health & Beauty,20,30.67,30.74,29.51,30.91,5.1,4.8,4.6,4.4,5.2,87
PROD_BEAU_001,Health & Beauty,21,31.54,31.66,32.66,30.83,4.8,4.8,4.8,5.0,4.9,89
PROD_BEAU_001,Health & Beauty,22,29.67,28.81,30.0,28.71,7.74,4.8,4.5,4.8,4.9,83
PROD_BEAU_001,Health & Beauty,23,29.71,28.96,29.82,25.12,6.92,4.8,4.9,4.9,4.8,82
PROD_BEAU_001,Health & Beauty,24,30.01,29.42,28.88,27.04,6.38,4.8,4.7,4.9,4.9,90
PROD_BEAU_001,Health & Beauty,25,28.04,26.52,27.58,27.23,5.18,4.8,5.0,4.6,4.8,104
PROD_BEAU_001,Health & Beauty,26,29.32,31.07,29.29,28.89,11.71,4.8,4.7,4.7,4.6,96
PROD_BEAU_001,Health & Beauty,27,30.82,30.71,27.67,29.1,10.77,4.8,4.9,4.6,4.7,92
PROD_BEAU_001,Health & Beauty,28,29.48,30.38,28.96,30.36,8.81,4.8,4.8,4.7,5.1,119
PROD_BEAU_001,Health & Beauty,29,28.45,29.09,28.32,25.76,11.63,4.8,4.9,4.9,4.7,93
PROD_BEAU_001,Health & Beauty,30,30.59,30.17,31.27,29.73,12.0,4.8,4.9,4.5,4.8,75
PROD_BEAU_001,Health & Beauty,31,34.39,33.6,33.31,34.22,9.54,4.8,4.8,4.9,4.8,84
PROD_BEAU_001,Health & Beauty,32,31.43,32.56,29.75,34.66,6.52,4.8,4.7,5.0,5.0,91
PROD_BEAU_001,Health & Beauty,33,29.84,29.43,30.66,30.12,4.8,4.8,4.6,4.7,5.1,106
PROD_BEAU_001,Health & Beauty,34,29.97,30.94,30.66,28.35,10.17,4.8,4.6,4.6,4.9,100
PROD_BEAU_001,Health & Beauty,35,28.76,28.03,27.88,26.62,8.03,4.8,4.7,4.9,5.1,83
PROD_BEAU_001,Health & Beauty,36,33.02,32.67,34.62,30.72,9.39,4.8,4.6,4.6,5.1,84
PROD_BEAU_001,Health & Beauty,37,27.99,29.36,29.52,31.5,11.37,4.8,4.9,4.6,5.0,106
PROD_BEAU_001,Health & Beauty,38,31.04,32.42,27.5,31.37,5.86,4.8,4.9,4.8,5.0,73
PROD_BEAU_001,Health & Beauty,39,28.17,30.27,27.04,28.86,8.89,4.8,4.7,4.6,4.9,116
PROD_BEAU_001,Health & Beauty,40,30.67,33.75,31.23,31.16,9.26,4.8,4.9,5.0,4.8,91
PROD_BEAU_001,Health & Beauty,41,29.8,29.38,28.37,27.16,8.19,4.8,4.8,4.5,4.8,88
PROD_BEAU_001,Health & Beauty,42,31.84,32.25,33.7,29.0,5.18,4.8,4.8,5.1,4.6,78
PROD_BEAU_001,Health & Beauty,43,31.62,32.52,31.62,30.65,7.11,4.8,5.0,4.7,4.8,85
PROD_BEAU_001,Health & Beauty,44,30.32,28.72,30.83,31.64,7.0,4.8,4.8,5.1,4.8,90
PROD_BEAU_001,Health & Beauty,45,28.83,28.83,27.8,26.58,9.53,4.8,4.6,5.0,5.0,92
PROD_BEAU_001,Health & Beauty,46,31.15,31.46,28.96,32.08,10.93,4.8,4.7,5.1,4.6,79
PROD_BEAU_001,Health & Beauty,47,29.58,27.57,26.33,28.75,6.97,4.8,5.0,5.0,5.1,93
PROD_BEAU_001,Health & Beauty,48,30.55,32.72,30.55,28.11,9.7,4.8,4.7,4.7,4.8,75
PROD_BEAU_001,Health & Beauty,49,29.92,30.65,29.71,27.36,6.66,4.8,4.7,5.0,5.0,88
PROD_BEAU_001,Health & Beauty,50,27.74,26.25,26.33,28.69,11.59,4.8,4.5,4.4,5.1,98
PROD_BEAU_001,Health & Beauty,51,28.35,28.84,28.68,28.76,10.6,4.8,5.0,5.1,4.7,129
PROD_BEAU_001,Health & Beauty,52,26.62,26.59,27.07,26.88,8.63,4.8,4.7,5.1,4.7,108
PROD_BEAU_002,Health & Beauty,1,62.52,63.83,66.12,54.97,7.91,4.6,4.6,4.3,4.5,69
PROD_BEAU_002,Health & Beauty,2,53.46,56.86,48.98,53.32,6.86,4.6,4.6,4.3,4.9,108
PROD_BEAU_002,Health & Beauty,3,54.31,56.07,50.54,51.39,6.92,4.6,4.6,4.3,4.8,113
PROD_BEAU_002,Health & Beauty,4,60.26,63.66,58.43,53.63,11.78,4.6,4.4,4.7,4.6,83
PROD_BEAU_002,Health & Beauty,5,57.86,60.51,56.17,49.26,7.53,4.6,4.4,4.6,4.7,83
PROD_BEAU_002,Health & Beauty,6,56.45,57.19,49.09,49.82,8.36,4.6,4.4,4.2,4.8,90
PROD_BEAU_002,Health & Beauty,7,62.05,61.77,61.25,64.6,11.91,4.6,4.4,4.4,4.6,95
PROD_BEAU_002,Health & Beauty,8,59.81,60.01,55.84,58.79,9.43,4.6,4.5,4.9,4.4,98
PROD_BEAU_002,Health & Beauty,9,60.95,58.74,58.99,59.53,8.57,4.6,4.6,4.6,4.6,106
PROD_BEAU_002,Health & Beauty,10,56.67,57.45,53.66,48.24,7.6,4.6,4.7,4.5,4.6,88
PROD_BEAU_002,Health & Beauty,11,60.87,62.69,59.27,59.5,5.91,4.6,4.4,4.4,4.9,106
PROD_BEAU_002,Health & Beauty,12,61.14,55.96,56.58,61.58,7.21,4.6,4.6,4.7,5.0,69
PROD_BEAU_002,Health & Beauty,13,52.84,55.47,52.67,52.61,10.17,4.6,4.7,4.5,4.8,118
PROD_BEAU_002,Health & Beauty,14,58.84,56.7,57.85,54.86,9.19,4.6,4.5,4.6,4.7,96
PROD_BEAU_002,Health & Beauty,15,62.1,64.67,61.99,55.09,10.2,4.6,4.5,4.5,4.5,77
PROD_BEAU_002,Health & Beauty,16,62.51,61.79,59.43,67.38,6.03,4.6,4.8,4.4,4.8,94
PROD_BEAU_002,Health & Beauty,17,61.5,64.27,57.07,54.11,8.62,4.6,4.4,4.8,4.6,76
PROD_BEAU_002,Health & Beauty,18,58.01,59.21,53.4,54.94,11.46,4.6,4.3,4.4,4.8,100
PROD_BEAU_002,Health & Beauty,19,63.94,65.76,62.79,71.62,7.79,4.6,4.6,4.4,4.8,79
PROD_BEAU_002,Health & Beauty,20,58.93,56.96,64.63,55.36,9.74,4.6,4.5,4.6,4.8,101
PROD_BEAU_002,Health & Beauty,21,58.51,62.79,55.08,58.18,5.41,4.6,4.7,4.2,4.5,95
PROD_BEAU_002,Health & Beauty,22,61.91,65.76,61.18,62.92,11.8,4.6,4.5,4.5,4.5,93
PROD_BEAU_002,Health & Beauty,23,58.12,61.02,57.63,58.78,9.07,4.6,4.4,4.6,4.4,113
PROD_BEAU_002,Health & Beauty,24,62.06,60.28,61.41,58.42,6.29,4.6,4.5,4.6,4.4,78
PROD_BEAU_002,Health & Beauty,25,55.95,57.1,60.71,57.71,5.69,4.6,4.5,4.7,4.7,128
PROD_BEAU_002,Health & Beauty,26,61.16,67.74,59.83,53.75,8.63,4.6,4.3,4.3,5.0,90
PROD_BEAU_002,Health & Beauty,27,57.73,59.77,60.4,49.96,8.64,4.6,4.3,4.3,5.0,93
PROD_BEAU_002,Health & Beauty,28,59.16,56.93,60.6,59.11,5.2,4.6,4.5,4.7,5.0,95
PROD_BEAU_002,Health & Beauty,29,56.18,56.45,58.14,54.62,11.94,4.6,4.8,4.3,4.7,113
PROD_BEAU_002,Health & Beauty,30,65.29,66.0,67.8,60.29,11.35,4.6,4.4,4.4,5.0,78
PROD_BEAU_002,Health & Beauty,31,59.03,56.01,55.67,58.95,7.96,4.6,4.7,4.6,4.8,109
PROD_BEAU_002,Health & Beauty,32,59.7,61.73,57.7,58.64,5.38,4.6,4.7,4.7,4.5,95
PROD_BEAU_002,Health & Beauty,33,66.24,64.89,64.45,65.17,10.74,4.6,4.6,4.5,4.6,87
PROD_BEAU_002,Health & Beauty,34,58.31,63.21,59.37,62.76,8.24,4.6,4.6,4.7,4.4,97
PROD_BEAU_002,Health & Beauty,35,59.6,63.48,56.39,54.93,9.87,4.6,4.5,4.7,4.5,99
PROD_BEAU_002,Health & Beauty,36,59.86,61.65,59.23,55.53,8.32,4.6,4.6,4.4,4.6,97
PROD_BEAU_002,Health & Beauty,37,62.07,65.09,56.08,65.18,6.55,4.6,4.6,4.5,4.7,103
PROD_BEAU_002,Health & Beauty,38,60.13,62.42,58.13,54.41,10.76,4.6,4.7,4.9,5.0,89
PROD_BEAU_002,Health & Beauty,39,57.14,57.5,53.69,55.59,11.85,4.6,4.5,4.8,4.7,96
PROD_BEAU_002,Health & Beauty,40,55.51,55.43,52.85,49.91,6.33,4.6,4.6,4.6,4.8,101
PROD_BEAU_002,Health & Beauty,41,58.79,58.21,57.89,59.19,8.63,4.6,4.3,4.6,4.6,101
PROD_BEAU_002,Health & Beauty,42,59.34,66.11,57.11,58.89,7.38,4.6,4.5,4.8,4.9,104
PROD_BEAU_002,Health & Beauty,43,60.25,58.96,62.23,59.88,11.41,4.6,4.7,4.8,4.6,99
PROD_BEAU_002,Health & Beauty,44,58.71,59.21,60.01,54.74,8.31,4.6,4.3,4.7,4.7,96
PROD_BEAU_002,Health & Beauty,45,57.69,57.45,55.82,51.75,11.09,4.6,4.5,4.9,4.8,76
PROD_BEAU_002,Health & Beauty,46,59.3,60.35,57.57,56.17,10.98,4.6,4.3,4.7,4.8,101
PROD_BEAU_002,Health & Beauty,47,58.11,59.5,58.51,52.91,6.57,4.6,4.6,4.4,5.0,94
PROD_BEAU_002,Health & Beauty,48,55.59,57.79,57.13,49.77,10.43,4.6,4.8,4.3,4.7,99
PROD_BEAU_002,Health & Beauty,49,64.16,61.96,62.89,58.22,7.61,4.6,4.3,4.8,4.9,83
PROD_BEAU_002,Health & Beauty,50,59.0,62.46,56.41,50.49,11.51,4.6,4.5,4.2,5.0,87
PROD_BEAU_002,Health & Beauty,51,60.31,60.75,61.6,58.21,8.31,4.6,4.5,4.7,4.4,96
PROD_BEAU_002,Health & Beauty,52,55.12,54.96,52.87,50.87,10.65,4.6,4.6,4.4,4.9,110
PROD_BEAU_003,Health & Beauty,1,35.04,36.72,32.53,32.55,6.62,4.5,4.7,4.4,4.7,94
PROD_BEAU_003,Health & Beauty,2,38.66,43.79,33.65,36.74,6.74,4.5,4.4,4.6,4.9,60
PROD_BEAU_003,Health & Beauty,3,34.49,35.03,39.49,32.92,8.9,4.5,4.7,4.8,4.4,100
PROD_BEAU_003,Health & Beauty,4,33.85,35.04,34.69,36.72,11.99,4.5,4.6,4.4,4.5,90
PROD_BEAU_003,Health & Beauty,5,39.72,40.15,41.51,41.96,8.17,4.5,4.3,4.2,4.6,86
PROD_BEAU_003,Health & Beauty,6,33.52,36.28,30.33,32.23,5.61,4.5,4.3,4.8,4.6,87
PROD_BEAU_003,Health & Beauty,7,33.04,35.28,31.72,28.73,8.54,4.5,4.6,4.5,4.5,90
PROD_BEAU_003,Health & Beauty,8,35.05,36.19,35.87,35.41,7.09,4.5,4.4,4.4,4.4,115
PROD_BEAU_003,Health & Beauty,9,35.62,34.63,32.6,30.01,8.64,4.5,4.4,4.5,4.5,85
PROD_BEAU_003,Health & Beauty,10,34.04,33.51,34.77,31.17,8.58,4.5,4.4,4.4,4.5,106
PROD_BEAU_003,Health & Beauty,11,34.46,34.28,36.26,35.97,7.92,4.5,4.3,4.2,4.3,98
PROD_BEAU_003,Health & Beauty,12,31.85,32.28,31.88,29.46,6.91,4.5,4.3,4.5,4.3,96
PROD_BEAU_003,Health & Beauty,13,35.62,35.03,37.53,32.46,5.91,4.5,4.5,4.2,4.6,74
PROD_BEAU_003,Health & Beauty,14,35.66,34.02,34.51,36.69,9.73,4.5,4.7,4.5,4.5,94
PROD_BEAU_003,Health & Beauty,15,33.7,33.25,29.54,31.98,8.79,4.5,4.4,4.4,4.8,88
PROD_BEAU_003,Health & Beauty,16,36.24,38.69,38.73,37.38,6.25,4.5,4.2,4.7,4.6,94
PROD_BEAU_003,Health & Beauty,17,34.87,32.05,34.26,36.04,10.32,4.5,4.4,4.4,4.5,83
PROD_BEAU_003,Health & Beauty,18,34.31,33.92,37.01,33.49,4.83,4.5,4.6,4.2,4.5,103
PROD_BEAU_003,Health & Beauty,19,36.39,34.39,37.2,32.9,10.09,4.5,4.3,4.2,4.6,93
PROD_BEAU_003,Health & Beauty,20,35.27,35.81,35.99,36.32,9.79,4.5,4.7,4.7,4.9,87
PROD_BEAU_003,Health & Beauty,21,37.06,38.4,34.9,34.18,10.59,4.5,4.5,4.6,4.5,84
PROD_BEAU_003,Health & Beauty,22,30.94,33.24,33.4,33.89,7.4,4.5,4.3,4.2,4.4,135
PROD_BEAU_003,Health & Beauty,23,34.99,33.53,35.5,35.69,9.48,4.5,4.4,4.4,4.4,90
PROD_BEAU_003,Health & Beauty,24,37.03,37.97,35.46,37.48,10.66,4.5,4.6,4.8,4.5,83
PROD_BEAU_003,Health & Beauty,25,34.21,37.7,32.48,37.51,11.86,4.5,4.5,4.7,4.7,97
PROD_BEAU_003,Health & Beauty,26,32.58,32.23,32.79,31.61,8.21,4.5,4.6,4.7,4.3,121
PROD_BEAU_003,Health & Beauty,27,36.19,33.8,36.64,33.72,4.78,4.5,4.7,4.6,4.7,100
PROD_BEAU_003,Health & Beauty,28,36.08,36.94,33.85,33.2,8.27,4.5,4.6,4.5,4.3,100
PROD_BEAU_003,Health & Beauty,29,35.75,35.9,36.35,35.33,8.93,4.5,4.5,4.7,4.5,87
PROD_BEAU_003,Health & Beauty,30,35.9,35.15,36.55,31.6,11.02,4.5,4.3,4.3,4.4,91
PROD_BEAU_003,Health & Beauty,31,34.62,36.47,33.72,30.29,11.06,4.5,4.7,4.4,4.8,95
PROD_BEAU_003,Health & Beauty,32,33.53,32.62,33.57,32.8,7.8,4.5,4.5,4.7,4.6,118
PROD_BEAU_003,Health & Beauty,33,35.43,36.7,39.49,33.78,8.44,4.5,4.4,4.5,4.3,90
PROD_BEAU_003,Health & Beauty,34,35.19,35.83,34.11,32.65,7.93,4.5,4.3,4.2,4.7,75
PROD_BEAU_003,Health & Beauty,35,32.49,33.23,33.57,28.21,9.92,4.5,4.6,4.6,4.6,100
PROD_BEAU_003,Health & Beauty,36,36.42,36.63,36.25,38.16,7.57,4.5,4.5,4.4,4.5,98
PROD_BEAU_003,Health & Beauty,37,37.4,39.67,36.35,38.2,9.41,4.5,4.6,4.5,4.6,90
PROD_BEAU_003,Health & Beauty,38,37.61,40.68,38.14,41.72,5.66,4.5,4.4,4.2,4.8,96
PROD_BEAU_003,Health & Beauty,39,33.53,35.67,34.65,31.52,8.02,4.5,4.7,4.6,4.5,103
PROD_BEAU_003,Health & Beauty,40,32.35,31.61,34.13,32.81,11.77,4.5,4.4,4.1,4.3,118
PROD_BEAU_003,Health & Beauty,41,37.7,38.94,39.63,36.87,7.04,4.5,4.3,4.4,4.3,86
PROD_BEAU_003,Health & Beauty,42,34.41,34.91,35.39,33.45,9.7,4.5,4.7,4.1,4.7,101
PROD_BEAU_003,Health & Beauty,43,34.71,34.19,34.49,35.21,9.37,4.5,4.2,4.7,4.4,90
PROD_BEAU_003,Health & Beauty,44,35.14,36.84,35.19,35.4,10.89,4.5,4.2,4.5,4.4,90
PROD_BEAU_003,Health & Beauty,45,33.42,35.51,36.99,30.69,10.89,4.5,4.4,4.6,4.4,100
PROD_BEAU_003,Health & Beauty,46,33.72,33.37,34.03,29.6,10.95,4.5,4.6,4.3,4.8,86
PROD_BEAU_003,Health & Beauty,47,34.79,35.69,33.12,34.19,7.35,4.5,4.5,4.5,4.5,107
PROD_BEAU_003,Health & Beauty,48,33.63,33.2,32.87,32.69,6.87,4.5,4.6,4.3,4.5,116
PROD_BEAU_003,Health & Beauty,49,36.9,36.79,36.61,37.91,9.89,4.5,4.6,4.1,4.9,88
PROD_BEAU_003,Health & Beauty,50,34.91,32.62,34.31,36.64,10.2,4.5,4.3,4.4,4.7,110
PROD_BEAU_003,Health & Beauty,51,33.64,33.14,34.52,33.54,11.04,4.5,4.3,4.5,4.5,102
PROD_BEAU_003,Health & Beauty,52,33.38,31.46,34.53,29.75,4.77,4.5,4.6,4.4,4.8,78
PROD_SPRT_001,Sports & Outdoors,1,39.67,41.16,37.52,38.8,5.01,4.7,4.5,4.9,4.6,91
PROD_SPRT_001,Sports & Outdoors,2,37.35,41.44,35.22,34.14,9.23,4.7,4.8,4.7,4.8,114
PROD_SPRT_001,Sports & Outdoors,3,39.87,39.47,40.3,41.47,11.41,4.7,4.5,4.3,4.7,99
PROD_SPRT_001,Sports & Outdoors,4,42.55,45.07,43.55,41.17,11.98,4.7,4.6,4.6,4.6,70
PROD_SPRT_001,Sports & Outdoors,5,39.39,39.61,37.91,35.62,10.1,4.7,4.7,4.6,4.9,109
PROD_SPRT_001,Sports & Outdoors,6,43.72,48.37,39.21,41.09,7.75,4.7,4.6,4.5,4.7,78
PROD_SPRT_001,Sports & Outdoors,7,40.01,38.9,39.08,42.1,5.24,4.7,4.8,4.6,4.7,106
PROD_SPRT_001,Sports & Outdoors,8,39.93,41.04,41.46,37.0,9.25,4.7,4.8,4.3,5.1,84
PROD_SPRT_001,Sports & Outdoors,9,40.57,40.79,39.79,33.3,11.04,4.7,4.7,4.3,4.5,74
PROD_SPRT_001,Sports & Outdoors,10,41.93,44.1,39.17,45.12,7.83,4.7,4.8,4.4,4.5,75
PROD_SPRT_001,Sports & Outdoors,11,38.78,40.33,39.43,39.11,9.71,4.7,4.5,4.4,4.8,93
PROD_SPRT_001,Sports & Outdoors,12,42.0,39.81,43.88,35.12,11.28,4.7,4.7,4.9,4.6,70
PROD_SPRT_001,Sports & Outdoors,13,37.98,38.24,40.29,38.6,4.84,4.7,4.9,4.3,4.9,110
PROD_SPRT_001,Sports & Outdoors,14,40.61,44.73,40.93,38.71,10.47,4.7,4.4,4.9,4.7,93
PROD_SPRT_001,Sports & Outdoors,15,39.81,38.88,38.61,38.82,6.7,4.7,4.9,4.7,4.6,104
PROD_SPRT_001,Sports & Outdoors,16,39.62,40.47,41.03,40.36,7.31,4.7,4.8,4.4,4.6,111
PROD_SPRT_001,Sports & Outdoors,17,37.91,39.73,40.28,36.06,5.59,4.7,4.8,4.9,4.9,102
PROD_SPRT_001,Sports & Outdoors,18,42.92,42.48,40.55,39.77,8.48,4.7,4.5,4.4,4.8,76
PROD_SPRT_001,Sports & Outdoors,19,41.91,44.64,37.41,43.11,8.74,4.7,4.7,4.3,5.0,73
PROD_SPRT_001,Sports & Outdoors,20,41.7,45.99,39.64,42.18,10.44,4.7,4.8,4.6,4.9,78
PROD_SPRT_001,Sports & Outdoors,21,41.9,42.56,44.06,40.62,5.77,4.7,4.5,4.6,5.0,84
PROD_SPRT_001,Sports & Outdoors,22,42.6,43.69,38.88,39.95,5.09,4.7,4.7,4.5,4.6,88
PROD_SPRT_001,Sports & Outdoors,23,39.76,40.69,40.74,37.51,11.03,4.7,4.9,4.5,4.5,95
PROD_SPRT_001,Sports & Outdoors,24,39.9,40.01,43.11,39.42,9.15,4.7,4.4,4.9,4.6,94
PROD_SPRT_001,Sports & Outdoors,25,39.7,40.23,39.37,38.69,6.31,4.7,4.6,4.5,4.8,94
PROD_SPRT_001,Sports & Outdoors,26,42.53,46.94,43.85,41.22,11.35,4.7,4.6,4.6,4.8,82
PROD_SPRT_001,Sports & Outdoors,27,36.03,34.59,37.29,37.38,5.57,4.7,4.7,4.7,4.7,112
PROD_SPRT_001,Sports & Outdoors,28,41.36,38.91,40.64,39.21,7.96,4.7,4.5,4.8,4.9,83
PROD_SPRT_001,Sports & Outdoors,29,39.65,42.19,39.96,38.61,6.4,4.7,4.4,4.4,4.8,105
PROD_SPRT_001,Sports & Outdoors,30,40.13,42.95,40.4,35.88,6.41,4.7,4.6,4.8,5.0,90
PROD_SPRT_001,Sports & Outdoors,31,36.11,36.83,32.88,33.59,4.57,4.7,4.5,4.7,4.7,101
PROD_SPRT_001,Sports & Outdoors,32,41.61,40.98,41.81,37.14,10.53,4.7,4.4,4.4,5.1,88
PROD_SPRT_001,Sports & Outdoors,33,39.26,40.84,39.89,41.23,11.26,4.7,4.7,4.3,4.7,104
PROD_SPRT_001,Sports & Outdoors,34,40.6,41.48,41.28,37.79,9.58,4.7,4.8,4.8,4.7,86
PROD_SPRT_001,Sports & Outdoors,35,40.97,41.41,38.23,37.72,5.68,4.7,4.5,5.0,5.0,96
PROD_SPRT_001,Sports & Outdoors,36,40.27,42.0,38.13,35.64,7.81,4.7,4.8,5.0,4.6,71
PROD_SPRT_001,Sports & Outdoors,37,38.73,35.45,35.47,34.46,7.09,4.7,4.6,4.4,5.0,93
PROD_SPRT_001,Sports & Outdoors,38,39.34,40.03,41.73,40.42,8.91,4.7,4.5,4.5,4.9,94
PROD_SPRT_001,Sports & Outdoors,39,38.46,38.52,33.74,38.08,9.29,4.7,4.6,4.4,4.7,90
PROD_SPRT_001,Sports & Outdoors,40,41.93,44.68,39.04,42.22,7.68,4.7,4.4,4.4,4.7,70
PROD_SPRT_001,Sports & Outdoors,41,39.65,41.39,36.86,40.39,6.38,4.7,4.5,4.8,4.5,86
PROD_SPRT_001,Sports & Outdoors,42,39.02,36.57,40.57,44.55,10.84,4.7,4.6,4.5,4.9,99
PROD_SPRT_001,Sports & Outdoors,43,39.5,40.76,40.47,33.51,5.99,4.7,4.7,4.7,4.6,76
PROD_SPRT_001,Sports & Outdoors,44,39.33,42.33,38.49,36.14,7.39,4.7,4.7,4.8,5.0,94
PROD_SPRT_001,Sports & Outdoors,45,37.94,39.28,39.45,39.49,8.12,4.7,4.6,4.8,4.6,114
PROD_SPRT_001,Sports & Outdoors,46,39.27,41.31,39.22,35.1,6.28,4.7,4.8,4.5,5.1,104
PROD_SPRT_001,Sports & Outdoors,47,42.53,44.22,39.5,44.89,8.79,4.7,4.6,4.4,4.5,93
PROD_SPRT_001,Sports & Outdoors,48,41.75,43.57,46.64,40.67,8.81,4.7,4.6,4.6,4.5,102
PROD_SPRT_001,Sports & Outdoors,49,39.25,41.3,41.05,38.74,11.95,4.7,4.4,4.7,5.1,99
PROD_SPRT_001,Sports & Outdoors,50,39.91,39.99,39.91,40.09,6.71,4.7,4.8,4.7,4.9,95
PROD_SPRT_001,Sports & Outdoors,51,38.62,40.66,36.4,39.07,11.83,4.7,4.6,4.7,4.8,95
PROD_SPRT_001,Sports & Outdoors,52,37.94,36.34,40.53,38.48,9.44,4.7,4.8,4.9,4.8,101
PROD_SPRT_002,Sports & Outdoors,1,285.55,282.72,278.69,252.95,6.56,4.8,4.9,4.8,5.1,83
PROD_SPRT_002,Sports & Outdoors,2,295.56,318.24,287.6,299.04,8.74,4.8,4.7,4.7,5.1,89
PROD_SPRT_002,Sports & Outdoors,3,283.05,303.3,278.34,252.13,9.64,4.8,4.9,4.4,5.1,102
PROD_SPRT_002,Sports & Outdoors,4,273.41,263.77,273.7,246.33,10.09,4.8,4.8,4.4,4.7,83
PROD_SPRT_002,Sports & Outdoors,5,275.96,284.18,269.48,242.13,4.87,4.8,4.7,5.0,5.0,99
PROD_SPRT_002,Sports & Outdoors,6,281.44,264.17,261.14,281.68,9.05,4.8,4.7,4.5,4.7,103
PROD_SPRT_002,Sports & Outdoors,7,255.28,278.16,236.27,248.52,8.23,4.8,4.6,4.7,5.2,110
PROD_SPRT_002,Sports & Outdoors,8,285.89,302.69,258.73,280.82,11.28,4.8,4.5,5.1,5.0,80
PROD_SPRT_002,Sports & Outdoors,9,289.53,306.47,268.88,319.0,6.65,4.8,4.8,4.8,4.9,93
PROD_SPRT_002,Sports & Outdoors,10,279.97,286.25,254.46,256.22,10.49,4.8,5.0,4.6,4.9,72
PROD_SPRT_002,Sports & Outdoors,11,285.22,307.53,273.94,284.19,9.05,4.8,4.6,4.4,4.7,80
PROD_SPRT_002,Sports & Outdoors,12,286.39,284.03,278.49,273.06,7.14,4.8,4.8,4.4,5.1,88
PROD_SPRT_002,Sports & Outdoors,13,274.43,279.46,256.61,295.78,9.27,4.8,4.8,4.7,4.7,87
PROD_SPRT_002,Sports & Outdoors,14,270.62,282.78,292.41,273.2,9.16,4.8,4.6,4.9,4.9,114
PROD_SPRT_002,Sports & Outdoors,15,262.22,283.58,258.14,259.06,9.58,4.8,5.0,4.6,4.9,113
PROD_SPRT_002,Sports & Outdoors,16,271.17,256.27,270.96,255.76,9.91,4.8,4.6,5.0,5.0,83
PROD_SPRT_002,Sports & Outdoors,17,283.36,281.48,285.75,276.97,9.44,4.8,4.5,4.8,4.7,103
PROD_SPRT_002,Sports & Outdoors,18,290.87,302.24,280.84,280.48,10.79,4.8,5.0,4.5,5.2,82
PROD_SPRT_002,Sports & Outdoors,19,280.22,287.43,270.19,256.25,9.21,4.8,4.6,5.1,4.7,75
PROD_SPRT_002,Sports & Outdoors,20,270.26,284.04,269.98,248.02,11.28,4.8,4.8,4.9,5.0,89
PROD_SPRT_002,Sports & Outdoors,21,264.17,260.75,277.26,253.92,9.35,4.8,4.6,4.7,4.9,85
PROD_SPRT_002,Sports & Outdoors,22,260.4,265.13,252.67,263.29,6.82,4.8,4.8,5.0,4.6,114
PROD_SPRT_002,Sports & Outdoors,23,300.07,309.49,267.61,299.36,7.81,4.8,4.8,4.9,5.1,88
PROD_SPRT_002,Sports & Outdoors,24,278.86,272.57,299.23,294.13,8.85,4.8,4.7,4.7,4.7,98
PROD_SPRT_002,Sports & Outdoors,25,265.36,289.6,285.02,243.33,9.99,4.8,4.9,5.0,4.7,97
PROD_SPRT_002,Sports & Outdoors,26,270.46,279.01,277.76,261.7,5.18,4.8,4.8,5.0,5.1,108
PROD_SPRT_002,Sports & Outdoors,27,256.04,257.13,233.41,225.43,6.71,4.8,4.9,4.4,5.0,88
PROD_SPRT_002,Sports & Outdoors,28,267.08,267.22,250.72,257.59,10.11,4.8,4.9,5.0,4.7,97
PROD_SPRT_002,Sports & Outdoors,29,252.81,233.75,254.66,252.69,5.82,4.8,4.9,4.4,4.8,120
PROD_SPRT_002,Sports & Outdoors,30,282.2,290.55,285.12,302.71,5.49,4.8,4.7,4.8,5.0,119
PROD_SPRT_002,Sports & Outdoors,31,303.1,301.53,299.58,294.62,8.55,4.8,4.8,4.6,5.0,69
PROD_SPRT_002,Sports & Outdoors,32,263.64,266.64,274.09,251.78,11.79,4.8,5.0,5.1,4.7,99
PROD_SPRT_002,Sports & Outdoors,33,296.82,302.86,294.71,283.19,8.48,4.8,4.6,4.9,5.0,93
PROD_SPRT_002,Sports & Outdoors,34,274.09,261.8,261.79,274.71,11.35,4.8,4.7,4.8,5.0,101
PROD_SPRT_002,Sports & Outdoors,35,276.04,295.15,260.18,252.74,10.73,4.8,4.7,4.5,5.0,72
PROD_SPRT_002,Sports & Outdoors,36,303.41,301.95,291.49,268.38,6.43,4.8,4.8,4.7,4.9,74
PROD_SPRT_002,Sports & Outdoors,37,260.06,267.12,231.91,229.15,10.69,4.8,4.8,4.8,5.0,94
PROD_SPRT_002,Sports & Outdoors,38,272.38,271.79,259.84,264.09,8.11,4.8,4.6,4.4,4.8,88
PROD_SPRT_002,Sports & Outdoors,39,286.18,283.31,266.83,279.47,10.55,4.8,4.7,4.8,4.8,92
PROD_SPRT_002,Sports & Outdoors,40,263.52,267.94,259.3,250.87,10.1,4.8,4.8,4.6,4.6,91
PROD_SPRT_002,Sports & Outdoors,41,314.17,325.95,312.47,313.72,7.04,4.8,5.0,5.0,4.8,105
PROD_SPRT_002,Sports & Outdoors,42,266.08,263.02,251.82,285.13,5.36,4.8,4.8,4.4,5.0,100
PROD_SPRT_002,Sports & Outdoors,43,271.34,286.52,257.42,293.26,11.72,4.8,4.9,4.7,4.8,113
PROD_SPRT_002,Sports & Outdoors,44,283.58,280.35,290.83,291.93,5.56,4.8,4.9,4.7,4.7,94
PROD_SPRT_002,Sports & Outdoors,45,261.13,256.96,265.71,241.8,11.75,4.8,4.7,5.1,4.8,97
PROD_SPRT_002,Sports & Outdoors,46,257.21,279.76,274.51,224.79,10.95,4.8,4.5,4.8,4.9,79
PROD_SPRT_002,Sports & Outdoors,47,262.57,272.55,250.66,246.2,9.93,4.8,4.6,4.7,4.6,94
PROD_SPRT_002,Sports & Outdoors,48,264.23,272.43,288.57,265.37,11.85,4.8,4.6,4.7,4.7,113
PROD_SPRT_002,Sports & Outdoors,49,267.96,263.77,237.01,281.45,11.75,4.8,4.6,5.0,4.8,85
PROD_SPRT_002,Sports & Outdoors,50,296.28,311.65,321.54,278.58,10.53,4.8,4.9,4.5,5.0,59
PROD_SPRT_002,Sports & Outdoors,51,286.04,283.56,254.11,254.78,7.24,4.8,4.6,4.7,5.1,84
PROD_SPRT_002,Sports & Outdoors,52,264.16,268.02,239.12,251.69,10.43,4.8,4.9,4.4,4.7,104
PROD_SPRT_003,Sports & Outdoors,1,24.45,23.67,23.68,25.13,4.6,4.9,4.9,4.8,5.0,109
PROD_SPRT_003,Sports & Outdoors,2,26.19,26.05,25.61,26.99,8.52,4.9,4.8,4.8,4.9,81
PROD_SPRT_003,Sports & Outdoors,3,23.74,22.55,23.61,25.6,7.91,4.9,5.1,4.5,5.0,121
PROD_SPRT_003,Sports & Outdoors,4,25.11,25.18,25.6,24.7,9.55,4.9,4.9,4.8,4.7,98
PROD_SPRT_003,Sports & Outdoors,5,24.92,26.24,23.34,24.1,9.54,4.9,4.9,5.1,5.2,108
PROD_SPRT_003,Sports & Outdoors,6,26.44,26.21,28.44,28.72,8.88,4.9,4.8,5.1,4.8,99
PROD_SPRT_003,Sports & Outdoors,7,24.64,24.47,22.85,23.08,10.67,4.9,4.6,4.7,5.2,81
PROD_SPRT_003,Sports & Outdoors,8,27.6,29.38,28.62,25.0,11.55,4.9,4.6,4.7,5.2,88
PROD_SPRT_003,Sports & Outdoors,9,24.98,25.88,25.71,21.57,5.31,4.9,5.0,5.0,5.1,89
PROD_SPRT_003,Sports & Outdoors,10,24.7,26.64,26.11,25.25,6.25,4.9,5.1,5.0,5.2,120
PROD_SPRT_003,Sports & Outdoors,11,24.6,25.49,24.31,22.6,4.69,4.9,4.8,4.9,5.0,102
PROD_SPRT_003,Sports & Outdoors,12,25.06,25.67,24.27,23.81,11.13,4.9,4.9,4.9,4.8,96
PROD_SPRT_003,Sports & Outdoors,13,23.29,23.26,23.64,21.22,8.71,4.9,4.6,5.1,4.9,109
PROD_SPRT_003,Sports & Outdoors,14,26.52,26.64,23.7,27.32,11.36,4.9,5.1,4.7,5.2,79
PROD_SPRT_003,Sports & Outdoors,15,25.57,24.52,26.33,23.95,6.16,4.9,4.8,4.7,5.1,90
PROD_SPRT_003,Sports & Outdoors,16,24.87,25.69,25.94,23.45,4.97,4.9,4.9,4.8,4.7,99
PROD_SPRT_003,Sports & Outdoors,17,27.43,28.73,29.26,27.59,10.68,4.9,4.7,4.9,4.9,84
PROD_SPRT_003,Sports & Outdoors,18,25.14,25.51,23.9,21.48,11.32,4.9,5.0,5.0,4.9,87
PROD_SPRT_003,Sports & Outdoors,19,25.9,27.72,26.68,28.32,6.77,4.9,5.0,4.9,4.9,103
PROD_SPRT_003,Sports & Outdoors,20,24.79,24.69,23.17,21.26,7.56,4.9,4.9,4.6,5.3,82
PROD_SPRT_003,Sports & Outdoors,21,25.06,26.43,24.21,26.83,5.55,4.9,4.8,4.9,5.0,83
PROD_SPRT_003,Sports & Outdoors,22,26.48,25.25,27.04,24.57,11.6,4.9,4.6,4.7,4.7,83
PROD_SPRT_003,Sports & Outdoors,23,25.12,25.32,25.66,23.78,6.78,4.9,4.9,4.8,5.0,77
PROD_SPRT_003,Sports & Outdoors,24,24.8,23.44,23.41,22.71,8.19,4.9,5.0,4.8,5.1,101
PROD_SPRT_003,Sports & Outdoors,25,23.94,25.08,23.18,22.01,5.23,4.9,4.8,4.9,5.3,91
PROD_SPRT_003,Sports & Outdoors,26,24.93,26.76,24.77,23.34,11.15,4.9,4.8,4.9,5.3,93
PROD_SPRT_003,Sports & Outdoors,27,24.5,25.5,23.46,22.87,5.52,4.9,4.9,4.8,4.9,89
PROD_SPRT_003,Sports & Outdoors,28,26.68,26.68,26.42,25.13,7.9,4.9,4.9,4.8,5.1,98
PROD_SPRT_003,Sports & Outdoors,29,25.85,27.13,24.46,26.1,9.53,4.9,4.8,5.0,4.9,86
PROD_SPRT_003,Sports & Outdoors,30,22.4,22.59,21.02,20.13,10.07,4.9,4.6,4.8,5.1,115
PROD_SPRT_003,Sports & Outdoors,31,26.35,26.92,25.45,25.17,11.59,4.9,4.9,5.1,4.9,87
PROD_SPRT_003,Sports & Outdoors,32,25.74,25.53,26.02,23.8,7.64,4.9,5.0,4.7,5.1,84
PROD_SPRT_003,Sports & Outdoors,33,25.04,26.23,22.2,27.48,10.07,4.9,4.9,5.2,5.3,84
PROD_SPRT_003,Sports & Outdoors,34,22.46,24.78,21.76,21.47,5.66,4.9,5.1,4.8,5.1,114
PROD_SPRT_003,Sports & Outdoors,35,25.16,25.73,25.93,23.13,7.61,4.9,5.0,4.9,5.1,75
PROD_SPRT_003,Sports & Outdoors,36,25.19,25.48,22.39,22.35,5.24,4.9,4.7,5.2,5.0,99
PROD_SPRT_003,Sports & Outdoors,37,24.25,26.24,22.66,20.99,8.17,4.9,4.9,4.8,4.8,95
PROD_SPRT_003,Sports & Outdoors,38,22.15,21.45,21.91,23.66,7.56,4.9,4.8,5.1,5.1,119
PROD_SPRT_003,Sports & Outdoors,39,24.21,25.94,23.66,23.89,11.64,4.9,4.7,5.1,4.7,93
PROD_SPRT_003,Sports & Outdoors,40,23.74,24.04,23.08,22.14,4.75,4.9,5.0,4.9,4.7,92
PROD_SPRT_003,Sports & Outdoors,41,22.59,21.71,22.74,20.91,7.28,4.9,5.0,4.5,5.3,110
PROD_SPRT_003,Sports & Outdoors,42,26.2,27.18,26.46,25.8,7.83,4.9,5.1,5.0,5.0,89
PROD_SPRT_003,Sports & Outdoors,43,24.89,26.03,23.91,27.81,11.63,4.9,5.0,4.9,5.2,111
PROD_SPRT_003,Sports & Outdoors,44,25.0,25.18,24.67,24.9,10.92,4.9,5.1,5.1,4.8,82
PROD_SPRT_003,Sports & Outdoors,45,25.22,24.88,22.8,24.82,5.25,4.9,4.8,5.0,5.0,94
PROD_SPRT_003,Sports & Outdoors,46,24.71,26.87,24.05,23.85,9.64,4.9,4.7,4.8,5.1,96
PROD_SPRT_003,Sports & Outdoors,47,26.55,25.96,27.71,27.42,8.58,4.9,4.8,4.8,4.8,97
PROD_SPRT_003,Sports & Outdoors,48,24.97,25.31,24.64,22.24,11.83,4.9,4.8,5.0,4.9,92
PROD_SPRT_003,Sports & Outdoors,49,24.16,24.15,23.37,23.93,7.19,4.9,4.9,4.9,5.2,103
PROD_SPRT_003,Sports & Outdoors,50,21.19,21.58,20.88,19.63,7.49,4.9,4.7,4.7,5.0,106
PROD_SPRT_003,Sports & Outdoors,51,23.59,25.51,22.26,24.64,5.92,4.9,4.6,4.6,5.0,102
PROD_SPRT_003,Sports & Outdoors,52,22.73,23.26,22.7,23.01,5.42,4.9,5.0,4.8,4.8,123
PROD_SPRT_004,Sports & Outdoors,1,103.23,108.29,114.43,108.78,10.86,4.4,4.6,4.1,4.4,80
PROD_SPRT_004,Sports & Outdoors,2,91.35,97.6,90.36,97.78,7.91,4.4,4.2,4.2,4.6,95
PROD_SPRT_004,Sports & Outdoors,3,87.96,86.14,83.46,78.53,9.47,4.4,4.4,4.1,4.7,84
PROD_SPRT_004,Sports & Outdoors,4,96.38,103.9,89.29,88.42,9.31,4.4,4.5,4.4,4.5,83
PROD_SPRT_004,Sports & Outdoors,5,86.57,90.6,90.29,81.09,8.98,4.4,4.3,4.5,4.4,108
PROD_SPRT_004,Sports & Outdoors,6,93.43,97.4,86.78,101.74,4.66,4.4,4.4,4.6,4.7,80
PROD_SPRT_004,Sports & Outdoors,7,92.57,95.89,95.96,91.99,10.4,4.4,4.5,4.1,4.2,90
PROD_SPRT_004,Sports & Outdoors,8,86.41,89.98,87.52,84.92,6.33,4.4,4.4,4.4,4.7,105
PROD_SPRT_004,Sports & Outdoors,9,84.11,84.63,83.45,72.32,5.44,4.4,4.5,4.4,4.7,107
PROD_SPRT_004,Sports & Outdoors,10,90.63,95.4,84.93,93.26,8.73,4.4,4.2,4.0,4.4,89
PROD_SPRT_004,Sports & Outdoors,11,81.55,87.03,85.02,79.58,5.01,4.4,4.3,4.4,4.8,118
PROD_SPRT_004,Sports & Outdoors,12,91.79,90.8,97.46,84.1,10.24,4.4,4.1,4.5,4.4,62
PROD_SPRT_004,Sports & Outdoors,13,81.92,85.33,79.76,73.71,6.05,4.4,4.2,4.4,4.3,109
PROD_SPRT_004,Sports & Outdoors,14,82.98,88.5,85.4,80.08,6.12,4.4,4.1,4.4,4.4,106
PROD_SPRT_004,Sports & Outdoors,15,97.93,110.83,97.4,99.62,11.02,4.4,4.6,4.5,4.4,68
PROD_SPRT_004,Sports & Outdoors,16,96.75,97.8,101.43,96.17,6.96,4.4,4.2,4.5,4.4,88
PROD_SPRT_004,Sports & Outdoors,17,85.24,83.36,80.51,86.57,5.61,4.4,4.3,4.0,4.8,99
PROD_SPRT_004,Sports & Outdoors,18,83.92,82.35,88.04,78.69,11.25,4.4,4.4,4.1,4.3,92
PROD_SPRT_004,Sports & Outdoors,19,88.09,92.04,91.39,83.83,4.52,4.4,4.4,4.0,4.6,88
PROD_SPRT_004,Sports & Outdoors,20,95.72,102.86,94.49,93.0,10.94,4.4,4.3,4.3,4.6,91
PROD_SPRT_004,Sports & Outdoors,21,88.98,91.81,85.6,84.64,5.59,4.4,4.4,4.6,4.7,93
PROD_SPRT_004,Sports & Outdoors,22,87.17,88.99,76.37,83.91,5.47,4.4,4.2,4.5,4.5,88
PROD_SPRT_004,Sports & Outdoors,23,77.51,78.5,83.42,75.75,6.38,4.4,4.3,4.3,4.3,140
PROD_SPRT_004,Sports & Outdoors,24,90.44,86.71,93.1,88.59,5.81,4.4,4.4,4.1,4.6,84
PROD_SPRT_004,Sports & Outdoors,25,84.69,87.97,91.39,80.89,9.46,4.4,4.3,4.4,4.8,88
PROD_SPRT_004,Sports & Outdoors,26,93.0,92.83,93.09,95.66,4.69,4.4,4.1,4.7,4.8,92
PROD_SPRT_004,Sports & Outdoors,27,94.56,94.93,86.59,80.1,4.61,4.4,4.1,4.4,4.3,83
PROD_SPRT_004,Sports & Outdoors,28,92.76,89.85,85.79,78.57,10.42,4.4,4.2,4.1,4.2,73
PROD_SPRT_004,Sports & Outdoors,29,92.73,94.44,95.49,97.45,6.28,4.4,4.2,4.4,4.6,104
PROD_SPRT_004,Sports & Outdoors,30,92.11,98.31,92.61,90.5,6.93,4.4,4.4,4.3,4.4,89
PROD_SPRT_004,Sports & Outdoors,31,93.84,96.71,99.07,90.94,5.81,4.4,4.1,4.0,4.4,81
PROD_SPRT_004,Sports & Outdoors,32,89.03,95.26,83.98,82.49,4.89,4.4,4.4,4.1,4.3,86
PROD_SPRT_004,Sports & Outdoors,33,88.38,85.82,92.7,82.63,10.06,4.4,4.5,4.3,4.4,87
PROD_SPRT_004,Sports & Outdoors,34,90.12,91.77,78.6,80.86,8.45,4.4,4.3,4.0,4.7,78
PROD_SPRT_004,Sports & Outdoors,35,95.34,99.79,94.25,100.28,10.09,4.4,4.4,4.2,4.7,92
PROD_SPRT_004,Sports & Outdoors,36,86.29,89.47,88.91,84.3,8.07,4.4,4.2,4.3,4.2,108
PROD_SPRT_004,Sports & Outdoors,37,96.5,95.88,87.95,87.51,10.34,4.4,4.1,4.3,4.3,84
PROD_SPRT_004,Sports & Outdoors,38,91.14,90.63,91.68,81.61,8.35,4.4,4.2,4.7,4.2,92
PROD_SPRT_004,Sports & Outdoors,39,88.3,89.89,88.46,66.11,5.32,4.4,4.3,4.5,4.7,67
PROD_SPRT_004,Sports & Outdoors,40,88.23,98.6,91.03,82.18,8.28,4.4,4.2,4.2,4.3,88
PROD_SPRT_004,Sports & Outdoors,41,102.24,107.74,106.85,102.19,11.59,4.4,4.2,4.0,4.4,63
PROD_SPRT_004,Sports & Outdoors,42,91.77,96.22,86.41,87.73,4.83,4.4,4.4,4.3,4.3,101
PROD_SPRT_004,Sports & Outdoors,43,96.45,91.33,85.51,94.07,10.37,4.4,4.3,4.6,4.5,71
PROD_SPRT_004,Sports & Outdoors,44,90.02,85.46,87.29,82.6,11.0,4.4,4.5,4.7,4.5,78
PROD_SPRT_004,Sports & Outdoors,45,94.87,95.5,101.13,79.87,8.41,4.4,4.4,4.6,4.7,78
PROD_SPRT_004,Sports & Outdoors,46,86.21,90.35,81.36,80.66,7.94,4.4,4.2,4.0,4.5,110
PROD_SPRT_004,Sports & Outdoors,47,93.36,87.7,93.99,88.93,11.73,4.4,4.3,4.3,4.3,79
PROD_SPRT_004,Sports & Outdoors,48,86.65,85.71,83.48,88.93,4.96,4.4,4.3,4.5,4.6,109
PROD_SPRT_004,Sports & Outdoors,49,87.74,91.4,85.84,84.08,8.09,4.4,4.3,4.5,4.6,103
PROD_SPRT_004,Sports & Outdoors,50,87.3,94.66,90.37,78.75,7.51,4.4,4.4,4.6,4.4,101
PROD_SPRT_004,Sports & Outdoors,51,86.56,87.25,92.51,83.71,9.65,4.4,4.2,4.7,4.3,98
PROD_SPRT_004,Sports & Outdoors,52,86.04,90.35,85.76,86.44,8.18,4.4,4.5,4.7,4.3,99
